쉼터명,법정동명,쉼터유형구분,운영시작일자,운영종료일자,시설면적,이용가능인원수,선풍기보유대수,에어컨보유대수,야간연장운영여부,주말운영여부,숙박가능여부,특이사항,소재지도로명주소,소재지지번주소,관리기관명,관리기관전화번호,위도,경도,데이터기준일자
숭효당경로당,전라북도 전주시 완산구 효자2동,노인시설,2017-05-30,2017-09-30,39,10,3,2,N,N,N,-,전라북도 전주시 완산구 용머리로 68,전라북도 전주시 완산구 효자동1가 282-20,전라북도 전주시 완산구청,063-220-5156,35.805549,127.117612,2018-02-20
송정경로당,전라북도 전주시 완산구 효자2동,노인시설,2017-05-30,2017-09-30,128,32,3,2,N,N,N,-,전라북도 전주시 완산구 성지산2길 21-5,,전라북도 전주시 완산구청,063-220-5156,35.805845,127.117498,2018-02-20
효성경로당,전라북도 전주시 완산구 효자2동,노인시설,2017-05-30,2017-09-30,82,20,5,1,N,N,N,-,전라북도 전주시 완산구 신봉3길 17-14,전라북도 전주시 완산구 효자동1가 610-0,전라북도 전주시 완산구청,063-220-5156,35.8118935,127.115904,2018-02-20
비사벌경로당,전라북도 전주시 완산구 효자2동,노인시설,2017-05-30,2017-09-30,49,12,2,1,N,N,N,-,전라북도 전주시 완산구 서원로 258,전라북도 전주시 완산구 효자동1가 635-0,전라북도 전주시 완산구청,063-220-5156,35.811369,127.122206,2018-02-20
남양송정경로당,전라북도 전주시 완산구 효자2동,노인시설,2017-05-30,2017-09-30,33,8,4,2,N,N,N,-,전라북도 전주시 완산구 용머리로 78,전라북도 전주시 완산구 효자동1가 280-2,전라북도 전주시 완산구청,063-220-5156,35.805673,127.1186753,2018-02-20
성원골드경로당,전라북도 전주시 완산구 효자2동,노인시설,2017-05-30,2017-09-30,39,10,4,2,N,N,N,-,전라북도 전주시 완산구 신봉로 74,전라북도 전주시 완산구 효자동1가 636-2,전라북도 전주시 완산구청,063-220-5156,35.808925,127.122111,2018-02-20
신일효친경로당,전라북도 전주시 완산구 효자2동,노인시설,2017-05-30,2017-09-30,44,11,2,2,N,N,N,-,전라북도 전주시 완산구 신봉로 51,전라북도 전주시 완산구 효자동1가 635-2,전라북도 전주시 완산구청,063-220-5156,35.810343,127.121265,2018-02-20
제일경로당,전라북도 전주시 완산구 효자2동,노인시설,2017-05-30,2017-09-30,52,13,3,1,N,N,N,-,전라북도 전주시 완산구 신봉로 52,전라북도 전주시 완산구 효자동1가 636-0,전라북도 전주시 완산구청,063-220-5156,35.809237,127.120392,2018-02-20
광진진주경로당,전라북도 전주시 완산구 효자2동,노인시설,2017-05-30,2017-09-30,39,10,3,2,N,N,N,-,전라북도 전주시 완산구 신봉로 64,전라북도 전주시 완산구 효자동1가 636-1,전라북도 전주시 완산구청,063-220-5156,35.808838,127.121249,2018-02-20
신촌경로당,전라북도 전주시 완산구 효자1동,노인시설,2017-05-30,2017-09-30,81,35,5,3,N,N,N,-,전라북도 전주시 완산구 안행5길 51,전라북도 전주시 완산구 효자동1가 122-26,전라북도 전주시 완산구청,063-220-5156,35.805355,127.130592,2018-02-20
효정경로당,전라북도 전주시 완산구 효자1동,노인시설,2017-05-30,2017-09-30,97,41,3,2,N,N,N,-,전라북도 전주시 완산구 효정2길 22,전라북도 전주시 완산구 효자동1가 55-37,전라북도 전주시 완산구청,063-220-5156,35.807162,127.136216,2018-02-20
효자1동 주민센터,전라북도 전주시 완산구 효자1동,주민센터,2017-05-30,2017-09-30,1426,70,11,7,N,N,N,-,전라북도 전주시 완산구 안행5길 59-3,전라북도 전주시 완산구 효자동1가 110-16,전라북도 전주시 완산구청,063-220-5156,35.805828,127.129968,2018-02-20
주공3단지 여자경로당,전라북도 전주시 완산구 효자1동,노인시설,2017-05-30,2017-09-30,48,40,4,1,N,N,N,-,전라북도 전주시 완산구 용머리로 194,전라북도 전주시 완산구 효자동1가 133-0,전라북도 전주시 완산구청,063-220-5156,35.804821,127.132745,2018-02-20
주공3단지 남자경로당,전라북도 전주시 완산구 효자1동,노인시설,2017-05-30,2017-09-30,196,77,2,1,N,N,N,-,전라북도 전주시 완산구 용머리로 194,전라북도 전주시 완산구 효자동1가 133-0,전라북도 전주시 완산구청,063-220-5156,35.804821,127.132745,2018-02-20
안행경로당,전라북도 전주시 완산구 효자1동,노인시설,2017-05-30,2017-09-30,97,52,3,2,N,N,N,-,전라북도 전주시 완산구 외칠봉3길 23-1,전라북도 전주시 완산구 효자동1가 37-19,전라북도 전주시 완산구청,063-220-5156,35.804941,127.136937,2018-02-20
풍남동주민센터,전라북도 전주시 완산구 풍남동,주민센터,2017-05-30,2017-09-30,610,152,10,1,N,N,N,-,전라북도 전주시 완산구 어진길 122-12,전라북도 전주시 완산구 경원동1가 126-41,전라북도 전주시 완산구청,063-220-5156,35.817035,127.148082,2018-02-20
교동경로당,전라북도 전주시 완산구 풍남동,노인시설,2017-05-30,2017-09-30,60,12,2,1,Y,Y,N,-,전라북도 전주시 완산구 은행로 81,전라북도 전주시 완산구 교동 125-1,전라북도 전주시 완산구청,063-220-5156,35.812644,127.1530375,2018-02-20
승암경로당,전라북도 전주시 완산구 풍남동,노인시설,2017-05-30,2017-09-30,59,10,2,1,Y,Y,N,-,전라북도 전주시 완산구 바람쐬는길 41,전라북도 전주시 완산구 교동 10-6,전라북도 전주시 완산구청,063-220-5156,35.810005,127.163504,2018-02-20
풍우경로당,전라북도 전주시 완산구 풍남동,노인시설,2017-05-30,2017-09-30,128,25,4,2,Y,Y,N,-,전라북도 전주시 완산구 은행로 14-1,전라북도 전주시 완산구 풍남동1가 53-1,전라북도 전주시 완산구청,063-220-5156,35.818601,127.151651,2018-02-20
새마을경로당,전라북도 전주시 완산구 풍남동,노인시설,2017-05-30,2017-09-30,60,15,2,1,Y,Y,N,-,전라북도 전주시 완산구 향교길 14-4,전라북도 전주시 완산구 전동 239-1,전라북도 전주시 완산구청,063-220-5156,35.811498,127.150288,2018-02-20
교풍경로당,전라북도 전주시 완산구 풍남동,노인시설,2017-05-30,2017-09-30,60,15,2,1,Y,Y,N,-,전라북도 전주시 완산구 오목대길 10-6,전라북도 전주시 완산구 교동 55-20,전라북도 전주시 완산구청,063-220-5156,35.813639,127.154835,2018-02-20
한계경로당,전라북도 전주시 완산구 풍남동,노인시설,2017-05-30,2017-09-30,50,12,2,1,Y,Y,N,-,전라북도 전주시 완산구 오목대길 58,전라북도 전주시 완산구 교동 60-4,전라북도 전주시 완산구청,063-220-5156,35.8130557,127.153137,2018-02-20
자만경로당,전라북도 전주시 완산구 풍남동,노인시설,2017-05-30,2017-09-30,50,12,2,1,Y,Y,N,-,전라북도 전주시 완산구 자만동2길 35,전라북도 전주시 완산구 교동 54-53,전라북도 전주시 완산구청,063-220-5156,35.814397,127.157416,2018-02-20
진흥더블파크1단지경로당,전라북도 전주시 덕진구 호성동,노인시설,2017-05-30,2017-09-30,110,27,2,1,N,Y,N,-,전라북도 전주시 덕진구 호성로 132,전라북도 전주시 덕진구 호성동1가 829-4,전라북도 전주시 덕진구청,063-270-6341,35.861963,127.149163,2018-02-20
동아경로당,전라북도 전주시 덕진구 호성동,노인시설,2017-05-30,2017-09-30,93,23,2,1,N,Y,N,-,전라북도 전주시 덕진구 호성2길 16,전라북도 전주시 덕진구 호성동1가 826-0,전라북도 전주시 덕진구청,063-270-6341,35.860273,127.152292,2018-02-20
호성동주민자치센터,전라북도 전주시 덕진구 호성동,복지회관,2017-05-30,2017-09-30,378,94,12,6,N,N,N,-,전라북도 전주시 덕진구 동부대로 869,전라북도 전주시 덕진구 호성동1가 863-44,전라북도 전주시 덕진구청,063-270-6341,35.863634,127.149599,2018-02-20
하오(여)경로당,전라북도 전주시 덕진구 호성동,노인시설,2017-05-30,2017-09-30,32,8,1,1,N,Y,N,-,전라북도 전주시 덕진구 하오신흥길 5,전라북도 전주시 덕진구 호성동3가 745-11,전라북도 전주시 덕진구청,063-270-6341,35.897931,127.131121,2018-02-20
기노당경로당,전라북도 전주시 덕진구 호성동,노인시설,2017-05-30,2017-09-30,127,31,2,1,N,Y,N,-,전라북도 전주시 덕진구 호성로 40,전라북도 전주시 덕진구 호성동1가 718-0,전라북도 전주시 덕진구청,063-270-6341,35.855439,127.151823,2018-02-20
주공2단지경로당,전라북도 전주시 덕진구 호성동,노인시설,2017-05-30,2017-09-30,160,40,2,1,N,Y,N,-,전라북도 전주시 덕진구 소리로 179,전라북도 전주시 덕진구 호성동1가 900-0,전라북도 전주시 덕진구청,063-270-6341,35.858451,127.150828,2018-02-20
주공1단지경로당,전라북도 전주시 덕진구 호성동,노인시설,2017-05-30,2017-09-30,49,12,2,1,N,Y,N,-,전라북도 전주시 덕진구 소리로 179,전라북도 전주시 덕진구 호성동1가 900-0,전라북도 전주시 덕진구청,063-270-6341,35.858451,127.150828,2018-02-20
동신3차경로당,전라북도 전주시 덕진구 호성동,노인시설,2017-05-30,2017-09-30,31,7,3,1,N,Y,N,-,전라북도 전주시 덕진구 동부대로 785,전라북도 전주시 덕진구 호성동1가 749-0,전라북도 전주시 덕진구청,063-270-6341,35.857231,127.155458,2018-02-20
동신(남)경로당,전라북도 전주시 덕진구 호성동,노인시설,2017-05-30,2017-09-30,123,30,1,1,N,Y,N,-,전라북도 전주시 덕진구 동부대로 787,전라북도 전주시 덕진구 호성동1가 747-0,전라북도 전주시 덕진구청,063-270-6341,35.857827,127.154289,2018-02-20
동신(여)경로당,전라북도 전주시 덕진구 호성동,노인시설,2017-05-30,2017-09-30,30,7,1,1,N,Y,N,-,전라북도 전주시 덕진구 동부대로 787,전라북도 전주시 덕진구 호성동1가 747-0,전라북도 전주시 덕진구청,063-270-6341,35.857827,127.154289,2018-02-20
유원경로당,전라북도 전주시 덕진구 호성동,노인시설,2017-05-30,2017-09-30,95,23,3,1,N,Y,N,-,전라북도 전주시 덕진구 소리로 191-1,전라북도 전주시 덕진구 호성동1가 792-0,전라북도 전주시 덕진구청,063-270-6341,35.858464,127.152655,2018-02-20
신동아경로당,전라북도 전주시 덕진구 호성동,노인시설,2017-05-30,2017-09-30,67,16,2,1,N,Y,N,-,전라북도 전주시 덕진구 호성1길 29,전라북도 전주시 덕진구 호성동1가 731-4,전라북도 전주시 덕진구청,063-270-6341,35.855765,127.153359,2018-02-20
아중롯데경로당,전라북도 전주시 덕진구 우아2동,노인시설,2017-05-30,2017-09-30,84,21,2,2,N,Y,N,-,전라북도 전주시 덕진구 중상보로 10,전라북도 전주시 덕진구 우아동2가 887-0,전라북도 전주시 덕진구청,063-270-6341,35.8314394,127.168935,2018-02-20
우정신세계경로당,전라북도 전주시 덕진구 우아2동,노인시설,2017-05-30,2017-09-30,56,15,3,1,N,Y,N,-,전라북도 전주시 덕진구 동부대로 575,전라북도 전주시 덕진구 우아동3가 359-0,전라북도 전주시 덕진구청,063-270-6341,35.840985,127.166423,2018-02-20
진흥하이츠경로당,전라북도 전주시 덕진구 우아2동,노인시설,2017-05-30,2017-09-30,84,21,2,1,N,Y,N,-,전라북도 전주시 덕진구 안덕원1길 30,전라북도 전주시 덕진구 우아동3가 412-0,전라북도 전주시 덕진구청,063-270-6341,35.840866,127.164885,2018-02-20
진버들대우2차경로당,전라북도 전주시 덕진구 우아2동,노인시설,2017-05-30,2017-09-30,84,21,2,1,N,Y,N,-,전라북도 전주시 덕진구 진버들5길 10,전라북도 전주시 덕진구 우아동2가 853-1,전라북도 전주시 덕진구청,063-270-6341,35.836923,127.165546,2018-02-20
엘드경로당,전라북도 전주시 덕진구 우아2동,노인시설,2017-05-30,2017-09-30,83,21,2,1,N,Y,N,-,전라북도 전주시 덕진구 안덕원2길 32,전라북도 전주시 덕진구 우아동3가 423-5,전라북도 전주시 덕진구청,063-270-6341,35.842239,127.163985,2018-02-20
석소경로당,전라북도 전주시 덕진구 우아2동,노인시설,2017-05-30,2017-09-30,63,15,4,1,N,Y,N,-,전라북도 전주시 덕진구 석소2길 14-5,전라북도 전주시 덕진구 우아동2가 873-1,전라북도 전주시 덕진구청,063-270-6341,35.834254,127.169282,2018-02-20
공덕경로당,전라북도 전주시 덕진구 우아2동,노인시설,2017-05-30,2017-09-30,143,45,4,1,N,Y,N,-,전라북도 전주시 덕진구 삼천공덕길 86,전라북도 전주시 덕진구 금상동 38-4,전라북도 전주시 덕진구청,063-270-6341,35.847246,127.201826,2018-02-20
삼천경로당,전라북도 전주시 덕진구 우아2동,노인시설,2017-05-30,2017-09-30,52,15,4,1,N,Y,N,-,전라북도 전주시 덕진구 삼천공덕길 32,전라북도 전주시 덕진구 금상동 282-3,전라북도 전주시 덕진구청,063-270-6341,35.851415,127.199825,2018-02-20
삼거경로당,전라북도 전주시 덕진구 우아2동,노인시설,2017-05-30,2017-09-30,159,53,4,1,N,Y,N,-,전라북도 전주시 덕진구 삼거1길 61-7,전라북도 전주시 덕진구 금상동 221-3,전라북도 전주시 덕진구청,063-270-6341,35.854765,127.1940208,2018-02-20
가소경로당,전라북도 전주시 덕진구 우아2동,노인시설,2017-05-30,2017-09-30,80,20,3,1,N,Y,N,-,전라북도 전주시 덕진구 가소길 47,전라북도 전주시 덕진구 금상동 449-1,전라북도 전주시 덕진구청,063-270-6341,35.848192,127.192396,2018-02-20
금상경로당,전라북도 전주시 덕진구 우아2동,노인시설,2017-05-30,2017-09-30,91,66,5,1,N,Y,N,-,전라북도 전주시 덕진구 수리재길 63,전라북도 전주시 덕진구 금상동 834-5,전라북도 전주시 덕진구청,063-270-6341,35.841623,127.185887,2018-02-20
낙수경로당,전라북도 전주시 완산구 풍남동,노인시설,2017-05-30,2017-09-30,100,25,3,2,Y,Y,N,-,전라북도 전주시 완산구 낙수정2길 64-13,전라북도 전주시 완산구 교동 991-8,전라북도 전주시 완산구청,063-220-5156,35.813538,127.163523,2018-02-20
효성아파트경로당,전라북도 전주시 완산구 평화2동,노인시설,2017-05-30,2017-09-30,46,28,1,1,N,Y,N,-,전라북도 전주시 완산구 꽃밭정3길 30,전라북도 전주시 완산구 평화동1가 593-0,전라북도 전주시 완산구청,063-220-5156,35.798086,127.133802,2018-02-20
만수정(삼성강남)경로당,전라북도 전주시 완산구 평화2동,노인시설,2017-05-30,2017-09-30,47,58,5,2,N,Y,N,-,전라북도 전주시 완산구 모악로 4705,전라북도 전주시 완산구 평화동2가 259-5,전라북도 전주시 완산구청,063-220-5156,35.789566,127.129702,2018-02-20
동아현대경로당,전라북도 전주시 완산구 평화2동,노인시설,2017-05-30,2017-09-30,64,31,2,2,N,Y,N,-,전라북도 전주시 완산구 맏내3길 22,전라북도 전주시 완산구 평화동2가 843-1,전라북도 전주시 완산구청,063-220-5156,35.793071,127.129454,2018-02-20
평화현대경로당,전라북도 전주시 완산구 평화2동,노인시설,2017-05-30,2017-09-30,142,36,2,1,N,Y,N,-,전라북도 전주시 완산구 소대배기로 33,전라북도 전주시 완산구 평화동2가 336-6,전라북도 전주시 완산구청,063-220-5156,35.787574,127.133374,2018-02-20
우미아파트경로당,전라북도 전주시 완산구 평화2동,노인시설,2017-05-30,2017-09-30,83,45,3,1,N,Y,N,-,전라북도 전주시 완산구 모악로 4685,전라북도 전주시 완산구 평화동2가 312-6,전라북도 전주시 완산구청,063-220-5156,35.786151,127.126001,2018-02-20
호반리젠시빌경로당,전라북도 전주시 완산구 평화2동,노인시설,2017-05-30,2017-09-30,87,46,3,2,N,Y,N,-,전라북도 전주시 완산구 평화로 95,전라북도 전주시 완산구 평화동2가 889-7,전라북도 전주시 완산구청,063-220-5156,35.785476,127.132424,2018-02-20
만수(주공5단지)경로당,전라북도 전주시 완산구 평화2동,노인시설,2017-05-30,2017-09-30,110,55,2,2,N,Y,N,-,전라북도 전주시 완산구 모악로 4724,전라북도 전주시 완산구 평화동2가 292-0,전라북도 전주시 완산구청,063-220-5156,35.789993,127.132629,2018-02-20
학수(주공4단지)경로당,전라북도 전주시 완산구 평화2동,노인시설,2017-05-30,2017-09-30,53,61,2,2,N,Y,N,-,전라북도 전주시 완산구 모악로 4726,전라북도 전주시 완산구 평화동1가 663-3,전라북도 전주시 완산구청,063-220-5156,35.791643,127.132711,2018-02-20
코오롱경로당,전라북도 전주시 완산구 평화2동,노인시설,2017-05-30,2017-09-30,132,80,2,1,N,Y,N,-,전라북도 전주시 완산구 평화로 181,전라북도 전주시 완산구 평화동1가 696-0,전라북도 전주시 완산구청,063-220-5156,35.793075,127.135018,2018-02-20
주공그린2차경로당,전라북도 전주시 완산구 평화2동,노인시설,2017-05-30,2017-09-30,171,38,5,1,N,Y,N,-,전라북도 전주시 완산구 평화12길 5,전라북도 전주시 완산구 평화동2가 869-1,전라북도 전주시 완산구청,063-220-5156,35.790643,127.135299,2018-02-20
주공그린1차경로당,전라북도 전주시 완산구 평화2동,노인시설,2017-05-30,2017-09-30,79,73,2,2,N,Y,N,-,전라북도 전주시 완산구 구이로 2094,전라북도 전주시 완산구 평화동2가 897-1,전라북도 전주시 완산구청,063-220-5156,35.783944,127.131191,2018-02-20
동신아파트경로당,전라북도 전주시 완산구 평화2동,노인시설,2017-05-30,2017-09-30,452,41,4,1,N,Y,N,-,전라북도 전주시 완산구 양지2길 10,전라북도 전주시 완산구 평화동2가 567-0,전라북도 전주시 완산구청,063-220-5156,35.791519,127.121838,2018-02-20
영무예다음경로당,전라북도 전주시 완산구 평화2동,노인시설,2017-05-30,2017-09-30,123,40,3,1,N,Y,N,-,전라북도 전주시 완산구 구이로 2065,전라북도 전주시 완산구 평화동2가 952-0,전라북도 전주시 완산구청,063-220-5156,35.78237836,127.128974,2018-02-20
엠코경로당,전라북도 전주시 완산구 평화2동,노인시설,2017-05-30,2017-09-30,81,25,3,1,N,Y,N,-,전라북도 전주시 완산구 양지3길 25,전라북도 전주시 완산구 평화동2가 953-0,전라북도 전주시 완산구청,063-220-5156,35.7891675,127.119493,2018-02-20
평화2동 주민센터,전라북도 전주시 완산구 평화2동,주민센터,2017-05-30,2017-09-30,422,100,8,2,N,Y,N,-,전라북도 전주시 완산구 평화18길 14-16,전라북도 전주시 완산구 평화동1가 720-4,전라북도 전주시 완산구청,063-220-5156,35.795492,127.135269,2018-02-20
신기경로당,전라북도 전주시 완산구 평화2동,노인시설,2017-05-30,2017-09-30,32,37,3,1,N,Y,N,-,전라북도 전주시 완산구 신기마을길 31,전라북도 전주시 완산구 석구동 99-1,전라북도 전주시 완산구청,063-220-5156,35.772512,127.130718,2018-02-20
송정써미트경로당,전라북도 전주시 완산구 평화2동,노인시설,2017-05-30,2017-09-30,132,53,2,1,N,Y,N,-,전라북도 전주시 완산구 평화7길 40,전라북도 전주시 완산구 평화동2가 943-0,전라북도 전주시 완산구청,063-220-5156,35.785893,127.137773,2018-02-20
두산푸른솔경로당,전라북도 전주시 완산구 평화2동,노인시설,2017-05-30,2017-09-30,75,32,2,2,N,Y,N,-,전라북도 전주시 완산구 양지1길 16-3,전라북도 전주시 완산구 평화동2가 712-1,전라북도 전주시 완산구청,063-220-5156,35.790774,127.118769,2018-02-20
동도미소드림경로당,전라북도 전주시 완산구 평화2동,노인시설,2017-05-30,2017-09-30,65,24,1,1,N,Y,N,-,전라북도 전주시 완산구 모악로 4651,전라북도 전주시 완산구 평화동2가 457-4,전라북도 전주시 완산구청,063-220-5156,35.785812,127.127785,2018-02-20
경복궁경로당,전라북도 전주시 완산구 평화2동,노인시설,2017-05-30,2017-09-30,82,35,1,1,N,Y,N,-,전라북도 전주시 완산구 평화로 120,전라북도 전주시 완산구 평화동2가 180-0,전라북도 전주시 완산구청,063-220-5156,35.787378,127.136153,2018-02-20
우성신성경로당,전라북도 전주시 완산구 평화2동,노인시설,2017-05-30,2017-09-30,279,36,3,2,N,Y,N,-,전라북도 전주시 완산구 맏내1길 5,전라북도 전주시 완산구 평화동2가 259-12,전라북도 전주시 완산구청,063-220-5156,35.790238,127.130314,2018-02-20
원금상경로당,전라북도 전주시 덕진구 우아2동,노인시설,2017-05-30,2017-09-30,78,27,4,1,N,Y,N,-,전라북도 전주시 덕진구 수리재길 109-1,전라북도 전주시 덕진구 금상동 898-6,전라북도 전주시 덕진구청,063-270-6341,35.838073,127.1859854,2018-02-20
행치경로당,전라북도 전주시 덕진구 우아2동,노인시설,2017-05-30,2017-09-30,102,25,3,1,N,Y,N,-,전라북도 전주시 덕진구 행치길 26-6,전라북도 전주시 덕진구 산정동 423-1,전라북도 전주시 덕진구청,063-270-6341,35.8316177,127.176603,2018-02-20
원산정경로당,전라북도 전주시 덕진구 우아2동,노인시설,2017-05-30,2017-09-30,75,42,4,1,N,Y,N,-,전라북도 전주시 덕진구 원산정안길 40,전라북도 전주시 덕진구 산정동 39-1,전라북도 전주시 덕진구청,063-270-6341,35.850075,127.1763097,2018-02-20
기린경로당,전라북도 전주시 덕진구 우아2동,노인시설,2017-05-30,2017-09-30,59,34,3,1,N,Y,N,-,전라북도 전주시 덕진구 진버들1길 73,전라북도 전주시 덕진구 우아동3가 456-3,전라북도 전주시 덕진구청,063-270-6341,35.837957,127.163919,2018-02-20
왜망실경로당,전라북도 전주시 덕진구 우아2동,노인시설,2017-05-30,2017-09-30,116,38,3,1,N,Y,N,-,전라북도 전주시 덕진구 용계길 14,전라북도 전주시 덕진구 우아동1가 327-0,전라북도 전주시 덕진구청,063-270-6341,35.820844,127.198671,2018-02-20
관암경로당,전라북도 전주시 덕진구 우아2동,노인시설,2017-05-30,2017-09-30,179,33,4,1,N,Y,N,-,전라북도 전주시 덕진구 관암길 8,전라북도 전주시 덕진구 우아동1가 722-0,전라북도 전주시 덕진구청,063-270-6341,35.815742,127.181205,2018-02-20
인교경로당,전라북도 전주시 덕진구 우아2동,노인시설,2017-05-30,2017-09-30,139,30,4,1,N,Y,N,-,전라북도 전주시 덕진구 인교5길 21-3,전라북도 전주시 덕진구 우아동1가 916-14,전라북도 전주시 덕진구청,063-270-6341,35.827762,127.174186,2018-02-20
안덕경로당,전라북도 전주시 덕진구 우아2동,노인시설,2017-05-30,2017-09-30,117,58,4,1,N,Y,N,-,전라북도 전주시 덕진구 동부대로 593-8,전라북도 전주시 덕진구 우아동3가 368-3,전라북도 전주시 덕진구청,063-270-6341,35.842395,127.1657156,2018-02-20
우아2동주민자치센터,전라북도 전주시 덕진구 우아2동,주민센터,2017-05-30,2017-09-30,1246,80,5,2,N,N,N,-,전라북도 전주시 덕진구 진버들7길 25,전라북도 전주시 덕진구 우아동2가 856-3,전라북도 전주시 덕진구청,063-270-6341,35.837753,127.167032,2018-02-20
공원경로당,전라북도 전주시 덕진구 우아1동,노인시설,2017-05-30,2017-09-30,45,11,1,1,N,N,N,-,전라북도 전주시 덕진구 우아6길 24,전라북도 전주시 덕진구 우아동3가 744-139,전라북도 전주시 덕진구청,063-270-6341,35.850872,127.1586183,2018-02-20
우신경로당,전라북도 전주시 덕진구 우아1동,노인시설,2017-05-30,2017-09-30,96,24,1,1,N,N,N,-,전라북도 전주시 덕진구 견훤로 495,전라북도 전주시 덕진구 우아동3가 599-0,전라북도 전주시 덕진구청,063-270-6341,35.854879,127.154265,2018-02-20
장재마을경로당,전라북도 전주시 덕진구 우아1동,노인시설,2017-05-30,2017-09-30,96,23,1,1,N,N,N,-,전라북도 전주시 덕진구 장재길 55-3,전라북도 전주시 덕진구 우아동3가 248-0,전라북도 전주시 덕진구청,063-270-6341,35.850681,127.1636696,2018-02-20
우아1단지경로당,전라북도 전주시 덕진구 우아1동,노인시설,2017-05-30,2017-09-30,112,28,1,1,N,N,N,-,전라북도 전주시 덕진구 우아로 33,전라북도 전주시 덕진구 우아동3가 747-81,전라북도 전주시 덕진구청,063-270-6341,35.850525,127.154189,2018-02-20
우성경로당,전라북도 전주시 덕진구 우아1동,노인시설,2017-05-30,2017-09-30,115,28,1,1,N,N,N,-,전라북도 전주시 덕진구 견훤로 497,전라북도 전주시 덕진구 우아동3가 594-6,전라북도 전주시 덕진구청,063-270-6341,35.8552055,127.154892,2018-02-20
럭키우아경로당,전라북도 전주시 덕진구 우아1동,노인시설,2017-05-30,2017-09-30,145,36,1,1,N,N,N,-,전라북도 전주시 덕진구 안덕원 3길 10,전라북도 전주시 덕진구 우아동3가 285-8,전라북도 전주시 덕진구청,063-270-6341,35.844022,127.163767,2018-02-20
신기경로당,전라북도 전주시 덕진구 우아1동,노인시설,2017-05-30,2017-09-30,104,25,1,1,N,N,N,-,전라북도 전주시 덕진구 신기2길 5,전라북도 전주시 덕진구 우아동3가 753-28,전라북도 전주시 덕진구청,063-270-6341,35.847143,127.162893,2018-02-20
기영경로당,전라북도 전주시 덕진구 우아1동,노인시설,2017-05-30,2017-09-30,69,17,1,1,N,N,N,-,전라북도 전주시 덕진구 안골5길 7-4,전라북도 전주시 덕진구 우아동3가 756-5,전라북도 전주시 덕진구청,063-270-6341,35.8429704,127.1551273,2018-02-20
우아1동주민자치센터,전라북도 전주시 덕진구 우아1동,주민센터,2017-05-30,2017-09-30,200,50,5,3,N,N,N,-,전라북도 전주시 덕진구 우아2길 25,전라북도 전주시 덕진구 우아동3가 746-67,전라북도 전주시 덕진구청,063-270-6341,35.849842,127.159555,2018-02-20
남양아파트경로당,전라북도 전주시 덕진구 팔복동,노인시설,2017-05-30,2017-09-30,57,45,1,1,N,Y,N,-,전라북도 전주시 덕진구 팔복1길 8,전라북도 전주시 덕진구 팔복동2가 130-2,전라북도 전주시 덕진구청,063-270-6341,35.848276,127.103799,2018-02-20
동곡경로당,전라북도 전주시 덕진구 팔복동,노인시설,2017-05-30,2017-09-30,75,40,1,1,N,Y,N,-,전라북도 전주시 덕진구 동곡안길 19,전라북도 전주시 덕진구 팔복동2가 515-20,전라북도 전주시 덕진구청,063-270-6341,35.857363,127.093234,2018-02-20
야전경로당,전라북도 전주시 덕진구 팔복동,노인시설,2017-05-30,2017-09-30,99,40,1,1,N,Y,N,-,전라북도 전주시 덕진구 야전2길 27-4,전라북도 전주시 덕진구 팔복동4가 218-9,전라북도 전주시 덕진구청,063-270-6341,35.861936,127.104398,2018-02-20
백수경로당,전라북도 전주시 덕진구 팔복동,노인시설,2017-05-30,2017-09-30,67,35,0,1,N,Y,N,-,전라북도 전주시 덕진구 추천로 143-1,전라북도 전주시 덕진구 팔복동2가 62-8,전라북도 전주시 덕진구청,063-270-6341,35.849816,127.108453,2018-02-20
덕수경로당,전라북도 전주시 덕진구 팔복동,노인시설,2017-05-30,2017-09-30,67,40,1,1,N,Y,N,-,전라북도 전주시 덕진구 추천로 143-1,전라북도 전주시 덕진구 팔복동2가 62-8,전라북도 전주시 덕진구청,063-270-6341,35.849816,127.108453,2018-02-20
푸른마을경로당,전라북도 전주시 완산구 평화2동,노인시설,2017-05-30,2017-09-30,30,35,2,1,N,Y,N,-,전라북도 전주시 완산구 평화9길 16,전라북도 전주시 완산구 평화동2가 941-0,전라북도 전주시 완산구청,063-220-5156,35.787453,127.137922,2018-02-20
미송평화경로당,전라북도 전주시 완산구 평화2동,노인시설,2017-05-30,2017-09-30,59,31,2,2,N,Y,N,-,전라북도 전주시 완산구 모악로 4681,전라북도 전주시 완산구 평화동2가 310-1,전라북도 전주시 완산구청,063-220-5156,35.787248,127.128223,2018-02-20
신성경로당,전라북도 전주시 완산구 평화2동,노인시설,2017-05-30,2017-09-30,107,31,2,1,N,N,N,-,전라북도 전주시 완산구 소대배기로5-18,전라북도 전주시 완산구 평화동2가 335-1,전라북도 전주시 완산구청,063-220-5156,35.787823,127.1317102,2018-02-20
문정경로당,전라북도 전주시 완산구 평화2동,노인시설,2017-05-30,2017-09-30,264,42,3,2,N,Y,N,-,전라북도 전주시 완산구 문정길 33,전라북도 전주시 완산구 평화동3가 314-0,전라북도 전주시 완산구청,063-220-5156,35.778838,127.126844,2018-02-20
칠봉경로당,전라북도 전주시 완산구 평화2동,노인시설,2017-05-30,2017-09-30,69,68,3,1,N,Y,N,-,전라북도 전주시 완산구 평화18길 30-5,전라북도 전주시 완산구 평화동1가 709-5,전라북도 전주시 완산구청,063-220-5156,35.7954825,127.133609,2018-02-20
중평경로당,전라북도 전주시 완산구 평화2동,노인시설,2017-05-30,2017-09-30,185,58,2,1,N,Y,N,-,전라북도 전주시 완산구 중평길18-9,전라북도 전주시 완산구 평화동3가 469-2,전라북도 전주시 완산구청,063-220-5156,35.775928,127.118359,2018-02-20
평화주공3단지경로당,전라북도 전주시 완산구 평화1동,노인시설,2017-05-30,2017-09-30,115,25,2,1,N,N,N,-,전라북도 전주시 완산구 덕적골2길 10,전라북도 전주시 완산구 평화동1가 445-1,전라북도 전주시 완산구청,063-220-5156,35.797408,127.139795,2018-02-20
오네트경로당,전라북도 전주시 완산구 평화1동,노인시설,2017-05-30,2017-09-30,93,20,3,3,N,N,N,-,전라북도 전주시 완산구 덕적골1길 50,전라북도 전주시 완산구 평화동1가 766-0,전라북도 전주시 완산구청,063-220-5156,35.793411,127.139208,2018-02-20
양지효성경로당,전라북도 전주시 완산구 평화1동,노인시설,2017-05-30,2017-09-30,72,10,2,1,N,N,N,-,전라북도 전주시 완산구 장승배기3길 8,전라북도 전주시 완산구 평화동1가 412-0,전라북도 전주시 완산구청,063-220-5156,35.800214,127.142663,2018-02-20
지안리즈경로당,전라북도 전주시 완산구 평화1동,노인시설,2017-05-30,2017-09-30,66,15,2,1,N,N,N,-,전라북도 전주시 완산구 덕적골2길 66,전라북도 전주시 완산구 평화동1가 761-0,전라북도 전주시 완산구청,063-220-5156,35.793144,127.140914,2018-02-20
화전경로당,전라북도 전주시 완산구 평화1동,노인시설,2017-05-30,2017-09-30,82,15,1,1,N,N,N,-,전라북도 전주시 완산구 꽃밭정8길 9,전라북도 전주시 완산구 평화동1가 577-37,전라북도 전주시 완산구청,063-220-5156,35.798679,127.138553,2018-02-20
학산(한성)경로당,전라북도 전주시 완산구 평화1동,노인시설,2017-05-30,2017-09-30,129,20,3,2,N,N,N,-,전라북도 전주시 완산구 덕적골1길 33,전라북도 전주시 완산구 평화동1가 467-0,전라북도 전주시 완산구청,063-220-5156,35.794601,127.140423,2018-02-20
일 성경로당,전라북도 전주시 완산구 평화1동,노인시설,2017-05-30,2017-09-30,167,20,3,1,N,N,N,-,전라북도 전주시 완산구 평화19길 20,전라북도 전주시 완산구 평화동1가 522-0,전라북도 전주시 완산구청,063-220-5156,35.794025,127.138128,2018-02-20
극동평화경로당,전라북도 전주시 완산구 평화1동,노인시설,2017-05-30,2017-09-30,39,25,2,2,N,N,N,-,전라북도 전주시 완산구 덕적골1길 10,전라북도 전주시 완산구 평화동1가 570-15,전라북도 전주시 완산구청,063-220-5156,35.796776,127.138308,2018-02-20
장수(전주복지)경로당,전라북도 전주시 완산구 평화1동,노인시설,2017-05-30,2017-09-30,60,15,3,2,N,N,N,-,전라북도 전주시 완산구 덕적골2길 22,전라북도 전주시 완산구 평화동1가 445-1,전라북도 전주시 완산구청,063-220-5156,35.796568,127.139505,2018-02-20
장승(평화복지)경로당,전라북도 전주시 완산구 평화1동,노인시설,2017-05-30,2017-09-30,141,20,2,1,N,N,N,-,전라북도 전주시 완산구 덕적골2길 25,전라북도 전주시 완산구 평화동1가 445-6,전라북도 전주시 완산구청,063-220-5156,35.7966361,127.142261,2018-02-20
평화1동 주민센터,전라북도 전주시 완산구 평화1동,주민센터,2017-05-30,2017-09-30,150,10,1,1,N,N,N,-,전라북도 전주시 완산구 장승배기로 256,전라북도 전주시 완산구 평화동1가 445-8,전라북도 전주시 완산구청,063-220-5156,35.798034,127.140297,2018-02-20
평화주공2단지경로당,전라북도 전주시 완산구 평화1동,노인시설,2017-05-30,2017-09-30,132,25,5,2,N,N,N,-,전라북도 전주시 완산구 덕적골2길 11,전라북도 전주시 완산구 평화동1가 445-6,전라북도 전주시 완산구청,063-220-5156,35.796792,127.1419241,2018-02-20
중화산2동주민센터,전라북도 전주시 완산구 중화산2동,주민센터,2017-05-30,2017-09-30,200,50,10,2,N,N,N,-,전라북도 전주시 완산구 화산천변로 30,전라북도 전주시 완산구 중화산동2가 752-1,전라북도 전주시 완산구청,063-220-5156,35.821619,127.116383,2018-02-20
광진햇빛찬경로당,전라북도 전주시 완산구 중화산2동,노인시설,2017-05-30,2017-09-30,67,16,1,1,N,Y,N,-,전라북도 전주시 완산구 강변로 306,전라북도 전주시 완산구 중화산동2가 825-0,전라북도 전주시 완산구청,063-220-5156,35.817703,127.114523,2018-02-20
신촌경로당,전라북도 전주시 완산구 중화산2동,노인시설,2017-05-30,2017-09-30,98,24,1,1,N,Y,N,-,전라북도 전주시 완산구 신촌3길 27-59,전라북도 전주시 완산구 중화산동2가 485-64,전라북도 전주시 완산구청,063-220-5156,35.816544,127.115044,2018-02-20
우성중산경로당,전라북도 전주시 완산구 중화산2동,노인시설,2017-05-30,2017-09-30,56,14,1,1,N,Y,N,-,전라북도 전주시 완산구 신촌3길 1,전라북도 전주시 완산구 중화산동2가 406-3,전라북도 전주시 완산구청,063-220-5156,35.816121,127.117583,2018-02-20
궁전남자경로당,전라북도 전주시 덕진구 인후1동,노인시설,2017-05-30,2017-09-30,84,21,1,1,N,N,N,,전라북도 전주시 덕진구 팽나무1길19,,전라북도 전주시 덕진구청,063-270-6341,35.8349465,127.150848,2018-02-20
사천여자경로당,전라북도 전주시 덕진구 인후1동,노인시설,2017-05-30,2017-09-30,34,7,2,1,N,N,N,,전라북도 전주시 덕진구 건산로143-2,,전라북도 전주시 덕진구청,063-270-6341,35.8335457,127.1531264,2018-02-20
한마음경로당,전라북도 전주시 덕진구 인후1동,노인시설,2017-05-30,2017-09-30,57,14,2,1,N,N,N,,전라북도 전주시 덕진구 진버들1길63,,전라북도 전주시 덕진구청,063-270-6341,35.8378259,127.1631448,2018-02-20
인동경로당,전라북도 전주시 덕진구 인후1동,노인시설,2017-05-30,2017-09-30,58,14,2,1,N,N,N,,전라북도 전주시 덕진구 반태산6길8,,전라북도 전주시 덕진구청,063-270-6341,35.8302468,127.1518201,2018-02-20
인후송정써미트경로당,전라북도 전주시 덕진구 인후1동,노인시설,2017-05-30,2017-09-30,70,18,1,1,N,N,N,,전라북도 전주시 덕진구 안덕원로325,,전라북도 전주시 덕진구청,063-270-6341,35.8389363,127.1622288,2018-02-20
현대1차경로당,전라북도 전주시 덕진구 인후1동,노인시설,2017-05-30,2017-09-30,53,13,1,1,N,N,N,,전라북도 전주시 덕진구 안골3길7,,전라북도 전주시 덕진구청,063-270-6341,35.8409747,127.1562598,2018-02-20
칠정마을경로당,전라북도 전주시 덕진구 조촌동,노인시설,2017-05-30,2017-09-30,34.4,39,1,1,N,Y,N,-,전라북도 전주시 덕진구 대정안길 22,,전라북도 전주시 덕진구청,063-270-6341,35.8752696,127.0410971,2018-02-20
월곡마을경로당,전라북도 전주시 덕진구 조촌동,노인시설,2017-05-30,2017-09-30,99.48,28,1,1,N,Y,N,-,전라북도 전주시 덕진구 용정서월길8-10,,전라북도 전주시 덕진구청,063-270-6341,35.8782494,127.0586728,2018-02-20
원동여자경로당,전라북도 전주시 덕진구 조촌동,노인시설,2017-05-30,2017-09-30,82.6,35,2,1,N,Y,N,-,전라북도 전주시 덕진구 원동마을길 48,,전라북도 전주시 덕진구청,063-270-6341,35.8582085,127.0346208,2018-02-20
원동경로당,전라북도 전주시 덕진구 조촌동,노인시설,2017-05-30,2017-09-30,82.6,29,2,1,N,Y,N,-,전라북도 전주시 덕진구 원동마을길 48,,전라북도 전주시 덕진구청,063-270-6341,35.8582085,127.0346208,2018-02-20
용신경로당,전라북도 전주시 덕진구 조촌동,노인시설,2017-05-30,2017-09-30,96.9,33,1,1,N,Y,N,-,전라북도 전주시 덕진구 용암길 73,,전라북도 전주시 덕진구청,063-270-6341,35.8821919,127.0612343,2018-02-20
감수(여)경로당,전라북도 전주시 덕진구 팔복동,노인시설,2017-05-30,2017-09-30,89,20,1,1,N,Y,N,-,전라북도 전주시 덕진구 감수길 50,전라북도 전주시 덕진구 팔복동4가 166-75,전라북도 전주시 덕진구청,063-270-6341,35.866905,127.100002,2018-02-20
팔복동주민자치센터,전라북도 전주시 덕진구 팔복동,주민센터,2017-05-30,2017-09-30,1115,100,1,1,N,N,N,-,전라북도 전주시 덕진구 신복5길 6,전라북도 전주시 덕진구 팔복동1가 138-6,전라북도 전주시 덕진구청,063-270-6341,35.853613,127.106285,2018-02-20
칠일경로당,전라북도 전주시 덕진구 팔복동,노인시설,2017-05-30,2017-09-30,97,35,0,1,N,Y,N,-,전라북도 전주시 덕진구 추천1길 14,전라북도 전주시 덕진구 팔복동2가 799-1,전라북도 전주시 덕진구청,063-270-6341,35.848767,127.105509,2018-02-20
추천경로당,전라북도 전주시 덕진구 팔복동,노인시설,2017-05-30,2017-09-30,99,40,1,1,N,Y,N,-,전라북도 전주시 덕진구 추천4길 34-4,전라북도 전주시 덕진구 팔복동2가 24-26,전라북도 전주시 덕진구청,063-270-6341,35.851157,127.106966,2018-02-20
상리경로당,전라북도 전주시 덕진구 팔복동,노인시설,2017-05-30,2017-09-30,90,40,1,1,N,Y,N,-,전라북도 전주시 덕진구 상리5길 8-3,전라북도 전주시 덕진구 팔복동2가 225-7,전라북도 전주시 덕진구청,063-270-6341,35.851321,127.101196,2018-02-20
감수(남)경로당,전라북도 전주시 덕진구 팔복동,노인시설,2017-05-30,2017-09-30,89,30,1,1,N,Y,N,-,전라북도 전주시 덕진구 감수길 50,전라북도 전주시 덕진구 팔복동4가 166-75,전라북도 전주시 덕진구청,063-270-6341,35.866905,127.100002,2018-02-20
복지여자경로당,전라북도 전주시 덕진구 팔복동,노인시설,2017-05-30,2017-09-30,79,20,0,1,N,Y,N,-,전라북도 전주시 덕진구 팔복1길 7-6,전라북도 전주시 덕진구 팔복동2가 144-11,전라북도 전주시 덕진구청,063-270-6341,35.848637,127.103773,2018-02-20
거성타워아파트경로당,전라북도 전주시 덕진구 금암2동,노인시설,2017-05-30,2017-09-30,24,6,2,1,N,N,N,-,전라북도 전주시 덕진구 매봉16길 37,전라북도 전주시 덕진구 금암동 523-9,전라북도 전주시 덕진구청,063-270-6341,35.835621,127.139427,2018-02-20
정우경로당,전라북도 전주시 덕진구 금암2동,노인시설,2017-05-30,2017-09-30,85,82,2,1,N,N,N,-,전라북도 전주시 덕진구 건지1길 13-3,전라북도 전주시 덕진구 금암동 1590-12,전라북도 전주시 덕진구청,063-270-6341,35.8438557,127.139515,2018-02-20
중앙하이츠아파트경로당,전라북도 전주시 덕진구 금암2동,노인시설,2017-05-30,2017-09-30,92,23,3,1,N,N,N,-,전라북도 전주시 덕진구 거북바우로3길 15,전라북도 전주시 덕진구 금암동 179-12,전라북도 전주시 덕진구청,063-270-6341,35.829393,127.134326,2018-02-20
북부여자경로당,전라북도 전주시 덕진구 금암2동,노인시설,2017-05-30,2017-09-30,73,18,3,1,N,N,N,-,전라북도 전주시 덕진구 매봉16길 8,전라북도 전주시 덕진구 금암동 1575-7,전라북도 전주시 덕진구청,063-270-6341,35.838564,127.141299,2018-02-20
금암2동주민자치센터,전라북도 전주시 덕진구 금암2동,복지회관,2017-05-30,2017-09-30,360,90,12,1,N,N,N,-,전라북도 전주시 덕진구 거북바우로 50,전라북도 전주시 덕진구 금암동 1572-1,전라북도 전주시 덕진구청,063-270-6341,35.838522,127.143048,2018-02-20
금암경로당,전라북도 전주시 덕진구 금암1동,노인시설,2017-05-30,2017-09-30,69,50,3,2,N,Y,N,-,전라북도 전주시 덕진구 떡전4길 22-5,전라북도 전주시 덕진구 금암동 756-4,전라북도 전주시 덕진구청,063-270-6341,35.836865,127.1294517,2018-02-20
부노회(여자)경로당,전라북도 전주시 덕진구 금암1동,노인시설,2017-05-30,2017-09-30,91,50,5,1,N,Y,N,-,전라북도 전주시 덕진구 금암1길 17-8,전라북도 전주시 덕진구 금암동 610-2,전라북도 전주시 덕진구청,063-270-6341,35.839645,127.134934,2018-02-20
금암1(남자)경로당,전라북도 전주시 덕진구 금암1동,노인시설,2017-05-30,2017-09-30,113,25,1,1,N,Y,N,-,전라북도 전주시 덕진구 금암2길 28-2,전라북도 전주시 덕진구 금암동 580-0,전라북도 전주시 덕진구청,063-270-6341,35.839133,127.133899,2018-02-20
건산경로당,전라북도 전주시 덕진구 금암1동,노인시설,2017-05-30,2017-09-30,137,50,2,1,N,Y,N,-,전라북도 전주시 덕진구 금암1길 35-2,전라북도 전주시 덕진구 금암동 535-7,전라북도 전주시 덕진구청,063-270-6341,35.838533,127.135776,2018-02-20
금암노인복지회관,전라북도 전주시 덕진구 금암1동,복지회관,2017-05-30,2017-09-30,729,150,1,1,N,N,N,-,전라북도 전주시 덕진구 삼송5길 12,전라북도 전주시 덕진구 금암동 1546-1,전라북도 전주시 덕진구청,063-270-6341,35.843285,127.137274,2018-02-20
금암1동주민자치센터,전라북도 전주시 덕진구 금암1동,복지회관,2017-05-30,2017-09-30,317,100,6,1,N,N,N,-,전라북도 전주시 덕진구 기린대로 392,전라북도 전주시 덕진구 금암동 470-7,전라북도 전주시 덕진구청,063-270-6341,35.837405,127.1331382,2018-02-20
신성여자경로당,전라북도 전주시 덕진구 덕진동,노인시설,2017-05-30,2017-09-30,76,19,1,1,Y,Y,N,-,전라북도 전주시 덕진구 들사평3길 26-8,전라북도 전주시 덕진구 덕진동1가 1411-13,전라북도 전주시 덕진구청,063-270-6341,35.839748,127.123078,2018-02-20
덕진노인복지관,전라북도 전주시 덕진구 덕진동,복지회관,2017-05-30,2017-09-30,2735,683,1,1,Y,Y,N,-,전라북도 전주시 덕진구 송천중앙로 36,전라북도 전주시 덕진구 덕진동2가 174-0,전라북도 전주시 덕진구청,063-270-6341,35.849996,127.120585,2018-02-20
호반촌경로당,전라북도 전주시 덕진구 덕진동,노인시설,2017-05-30,2017-09-30,97,24,2,1,N,Y,N,-,전라북도 전주시 덕진구 호반6길 21-3,전라북도 전주시 덕진구 덕진동2가 167-103,전라북도 전주시 덕진구청,063-270-6341,35.851678,127.117732,2018-02-20
오성유토피아아파트경로당,전라북도 전주시 덕진구 덕진동,노인시설,2017-05-30,2017-09-30,57,14,1,1,N,Y,N,-,전라북도 전주시 덕진구 호반8길 15,전라북도 전주시 덕진구 덕진동2가 20-0,전라북도 전주시 덕진구청,063-270-6341,35.852358,127.1159571,2018-02-20
현대에코르경로당,전라북도 전주시 완산구 중화산2동,노인시설,2017-05-30,2017-09-30,135,33,4,2,N,Y,N,-,전라북도 전주시 완산구 화산천변로 50,전라북도 전주시 완산구 중화산동2가 745-1,전라북도 전주시 완산구청,063-220-5156,35.823326,127.116817,2018-02-20
코오롱하늘채경로당,전라북도 전주시 완산구 중화산2동,노인시설,2017-05-30,2017-09-30,132,33,1,2,N,Y,N,-,전라북도 전주시 완산구 화산천변로 55,전라북도 전주시 완산구 중화산동2가 746-1,전라북도 전주시 완산구청,063-220-5156,35.8235492,127.115044,2018-02-20
우성근영경로당,전라북도 전주시 완산구 중화산2동,노인시설,2017-05-30,2017-09-30,108,27,1,1,N,Y,N,-,전라북도 전주시 완산구 영경1길 25,전라북도 전주시 완산구 중화산동2가 256-0,전라북도 전주시 완산구청,063-220-5156,35.818418,127.126035,2018-02-20
새한그린경로당,전라북도 전주시 완산구 중화산2동,노인시설,2017-05-30,2017-09-30,112,28,2,1,N,Y,N,-,전라북도 전주시 완산구 영경1길 22,전라북도 전주시 완산구 중화산동2가 232-0,전라북도 전주시 완산구청,063-220-5156,35.8177627,127.125513,2018-02-20
한신코아경로당,전라북도 전주시 완산구 중화산2동,노인시설,2017-05-30,2017-09-30,106,26,2,1,N,Y,N,-,전라북도 전주시 완산구 신촌2길 20,전라북도 전주시 완산구 중화산동2가 482-1,전라북도 전주시 완산구청,063-220-5156,35.815364,127.116474,2018-02-20
동원맨션경로당,전라북도 전주시 완산구 중화산2동,노인시설,2017-05-30,2017-09-30,128,32,1,1,N,Y,N,-,전라북도 전주시 완산구 신촌3길 27-14,전라북도 전주시 완산구 중화산동2가 485-30,전라북도 전주시 완산구청,063-220-5156,35.816178,127.114329,2018-02-20
근영경로당,전라북도 전주시 완산구 중화산2동,노인시설,2017-05-30,2017-09-30,99,24,1,1,N,Y,N,-,전라북도 전주시 완산구 어은로 37-10,전라북도 전주시 완산구 중화산동2가 217-3,전라북도 전주시 완산구청,063-220-5156,35.817793,127.126949,2018-02-20
영무예다음 경로당,전라북도 전주시 완산구 중화산1동,노인시설,2017-05-30,2017-09-30,109,70,0,1,N,Y,N,,"전라북도 전주시 완산구 안행로 165-5(중화산동2가, 중화산영무예다음)",,전라북도 전주시 완산구청,063-220-5157,,,2018-02-20
중화산풍림아이원 경로당,전라북도 전주시 완산구 중화산1동,노인시설,2017-05-30,2017-09-30,92,30,1,1,N,Y,N,-,"전라북도 전주시 완산구 서원로 289(중화산동2가, 중화산풍림아이원A)",전라북도 전주시 완산구 중화산동2가 827-0,전라북도 전주시 완산구청,063-220-5156,35.812877,127.126328,2018-02-20
거성근영2차 경로당,전라북도 전주시 완산구 중화산1동,노인시설,2017-05-30,2017-09-30,92,24,3,1,N,Y,N,-,"전라북도 전주시 완산구 선너머로 36-9(중화산동2가, 거성근영2차A)",전라북도 전주시 완산구 중화산동2가 21-0,전라북도 전주시 완산구청,063-220-5156,35.814728,127.129273,2018-02-20
현대2차 경로당,전라북도 전주시 완산구 중화산1동,노인시설,2017-05-30,2017-09-30,46,22,1,1,N,Y,N,-,"전라북도 전주시 완산구 안행로 176(중화산동1가, 현대2차A)",전라북도 전주시 완산구 중화산동1가 331-0,전라북도 전주시 완산구청,063-220-5156,35.811495,127.132218,2018-02-20
현대1차 경로당,전라북도 전주시 완산구 중화산1동,노인시설,2017-05-30,2017-09-30,86,29,2,1,N,Y,N,-,"전라북도 전주시 완산구 안행로 175(중화산동1가,현대1차A)",전라북도 전주시 완산구 중화산동1가 329-0,전라북도 전주시 완산구청,063-220-5156,35.811162,127.130961,2018-02-20
광진 경로당,전라북도 전주시 완산구 중화산1동,노인시설,2017-05-30,2017-09-30,92,27,3,3,N,Y,N,-,"전라북도 전주시 완산구 선너머로 16(중화산동2가, 광진A)",전라북도 전주시 완산구 중화산동2가 190-0,전라북도 전주시 완산구청,063-220-5156,35.815644,127.126308,2018-02-20
신일 경로당,전라북도 전주시 완산구 중화산1동,노인시설,2017-05-30,2017-09-30,99,36,2,2,N,Y,N,-,"전라북도 전주시 완산구 서원로 386(중화산동1가,신일A)",전라북도 전주시 완산구 중화산동1가 154-0,전라북도 전주시 완산구청,063-220-5156,35.813597,127.136124,2018-02-20
동신2차 경로당,전라북도 전주시 완산구 중화산1동,노인시설,2017-05-30,2017-09-30,50,31,1,1,N,Y,N,-,"전라북도 전주시 완산구 선너머2길 2-7(중화산동1가,동신2차A)",전라북도 전주시 완산구 중화산동1가 250-0,전라북도 전주시 완산구청,063-220-5156,35.813341,127.129377,2018-02-20
거성근영1차 경로당,전라북도 전주시 완산구 중화산1동,노인시설,2017-05-30,2017-09-30,83,22,3,1,N,Y,N,-,"전라북도 전주시 완산구 선너머로 40(중화산동2가,거성근영1차A)",전라북도 전주시 완산구 중화산동2가 17-0,전라북도 전주시 완산구청,063-220-5156,35.815241,127.129234,2018-02-20
남양서원 경로당,전라북도 전주시 완산구 중화산1동,노인시설,2017-05-30,2017-09-30,43,26,2,2,N,N,N,-,"전라북도 전주시 완산구 선너머4길 25(중화산동1가, 남양서원A)",전라북도 전주시 완산구 중화산동1가 221-1,전라북도 전주시 완산구청,063-220-5156,35.815087,127.131571,2018-02-20
거성화산 경로당,전라북도 전주시 완산구 중화산1동,노인시설,2017-05-30,2017-09-30,73,25,1,1,N,N,N,-,"전라북도 전주시 완산구 따박골9길 33(중화산동2가, 거성화산A)",전라북도 전주시 완산구 중화산동2가 37-0,전라북도 전주시 완산구청,063-220-5156,35.809726,127.130511,2018-02-20
거성그린 경로당,전라북도 전주시 완산구 중화산1동,노인시설,2017-05-30,2017-09-30,83,83,2,1,N,N,N,-,"전라북도 전주시 완산구 따박골로 11(중화산동2가, 거성그린맨션)",전라북도 전주시 완산구 중화산동2가 545-1,전라북도 전주시 완산구청,063-220-5156,35.809949,127.124091,2018-02-20
오성은하 경로당,전라북도 전주시 완산구 중화산1동,노인시설,2017-05-30,2017-09-30,33,27,1,1,N,N,N,-,"전라북도 전주시 완산구 서원로 272(중화산동2가, 오성은하A)",전라북도 전주시 완산구 중화산동2가 545-0,전라북도 전주시 완산구청,063-220-5156,35.8114506,127.124089,2018-02-20
희현 경로당,전라북도 전주시 완산구 중화산1동,노인시설,2017-05-30,2017-09-30,50,29,1,1,N,N,N,-,"전라북도 전주시 완산구 강당4길 3(중화산동1가,동신1차A)",전라북도 전주시 완산구 중화산동1가 162-42,전라북도 전주시 완산구청,063-220-5156,35.813233,127.134413,2018-02-20
신정경로당,전라북도 전주시 덕진구 조촌동,노인시설,2017-05-30,2017-09-30,46.19,24,2,1,N,Y,N,-,전라북도 전주시 덕진구 화전신정길 53-1,,전라북도 전주시 덕진구청,063-270-6341,35.8916278,127.0711249,2018-02-20
신유강경로당,전라북도 전주시 덕진구 조촌동,노인시설,2017-05-30,2017-09-30,82.6,23,1,1,N,Y,N,-,전라북도 전주시 덕진구 신유강길 8-1,,전라북도 전주시 덕진구청,063-270-6341,35.8901572,127.0021658,2018-02-20
신구증경로당,전라북도 전주시 덕진구 조촌동,노인시설,2017-05-30,2017-09-30,79.3,25,1,1,N,Y,N,-,전라북도 전주시 덕진구 신증길 36,,전라북도 전주시 덕진구청,063-270-6341,35.8840986,127.0751212,2018-02-20
성덕여자경로당,전라북도 전주시 덕진구 조촌동,노인시설,2017-05-30,2017-09-30,174.57,44,1,1,N,Y,N,-,전라북도 전주시 덕진구 원성덕길 14,,전라북도 전주시 덕진구청,063-270-6341,35.8775572,127.0315666,2018-02-20
성덕경로당,전라북도 전주시 덕진구 조촌동,노인시설,2017-05-30,2017-09-30,174.57,34,1,1,N,Y,N,-,전라북도 전주시 덕진구 원성덕길 14,,전라북도 전주시 덕진구청,063-270-6341,35.8775572,127.0315666,2018-02-20
서당마을경로당,전라북도 전주시 덕진구 조촌동,노인시설,2017-05-30,2017-09-30,96.9,28,2,1,N,Y,N,-,전라북도 전주시 덕진구 서당길 14-12,,전라북도 전주시 덕진구청,063-270-6341,35.8757014,127.060157,2018-02-20
매암경로당,전라북도 전주시 덕진구 조촌동,노인시설,2017-05-30,2017-09-30,181.73,66,4,1,N,Y,N,-,전라북도 전주시 덕진구 매암길 25,,전라북도 전주시 덕진구청,063-270-6341,35.873872,127.0274643,2018-02-20
도덕여자경로당,전라북도 전주시 덕진구 조촌동,노인시설,2017-05-30,2017-09-30,49.92,21,2,1,N,Y,N,-,전라북도 전주시 덕진구 고잔2길 42,,전라북도 전주시 덕진구청,063-270-6341,35.8911974,127.0252267,2018-02-20
곡천경로당,전라북도 전주시 덕진구 조촌동,노인시설,2017-05-30,2017-09-30,46.2,28,1,1,N,Y,N,-,전라북도 전주시 덕진구 곡천길 48,,전라북도 전주시 덕진구청,063-270-6341,35.8864569,127.03229,2018-02-20
평화주공3단지경로당,전라북도 전주시 완산구 평화1동,노인시설,2017-05-30,2017-09-30,115,25,2,1,N,N,N,-,전라북도 전주시 완산구 덕적골2길 10,전라북도 전주시 완산구 평화동1가 445-1,전라북도 전주시 완산구청,063-220-5156,35.797408,127.139795,2018-02-20
효성아파트경로당,전라북도 전주시 완산구 평화2동,노인시설,2017-05-30,2017-09-30,46,32,1,1,N,Y,N,-,전라북도 전주시 완산구 꽃밭정3길 30,전라북도 전주시 완산구 평화동1가 593-0,전라북도 전주시 완산구청,063-220-5156,35.798086,127.133802,2018-02-20
만수정(삼성강남)경로당,전라북도 전주시 완산구 평화2동,노인시설,2017-05-30,2017-09-30,47,58,5,2,N,Y,N,-,전라북도 전주시 완산구 모악로 4705,전라북도 전주시 완산구 평화동2가 259-5,전라북도 전주시 완산구청,063-220-5156,35.789566,127.129702,2018-02-20
동아현대경로당,전라북도 전주시 완산구 평화2동,노인시설,2017-05-30,2017-09-30,64,33,2,2,N,Y,N,-,전라북도 전주시 완산구 맏내3길 22,전라북도 전주시 완산구 평화동2가 843-1,전라북도 전주시 완산구청,063-220-5156,35.793071,127.129454,2018-02-20
평화현대경로당,전라북도 전주시 완산구 평화2동,노인시설,2017-05-30,2017-09-30,142,34,2,1,N,Y,N,-,전라북도 전주시 완산구 소대배기로 33,전라북도 전주시 완산구 평화동2가 336-6,전라북도 전주시 완산구청,063-220-5156,35.787574,127.133374,2018-02-20
우미아파트경로당,전라북도 전주시 완산구 평화2동,노인시설,2017-05-30,2017-09-30,83,45,3,1,N,Y,N,-,전라북도 전주시 완산구 모악로 4685,전라북도 전주시 완산구 평화동2가 312-6,전라북도 전주시 완산구청,063-220-5156,35.786151,127.126001,2018-02-20
호반리젠시빌경로당,전라북도 전주시 완산구 평화2동,노인시설,2017-05-30,2017-09-30,87,46,3,2,N,Y,N,-,전라북도 전주시 완산구 평화로 95,전라북도 전주시 완산구 평화동2가 889-7,전라북도 전주시 완산구청,063-220-5156,35.785476,127.132424,2018-02-20
만수(주공5단지)경로당,전라북도 전주시 완산구 평화2동,노인시설,2017-05-30,2017-09-30,110,58,2,2,N,Y,N,-,전라북도 전주시 완산구 모악로 4724,전라북도 전주시 완산구 평화동2가 292-0,전라북도 전주시 완산구청,063-220-5156,35.789993,127.132629,2018-02-20
학수(주공4단지)경로당,전라북도 전주시 완산구 평화2동,노인시설,2017-05-30,2017-09-30,53,61,2,2,N,Y,N,-,전라북도 전주시 완산구 모악로 4726,전라북도 전주시 완산구 평화동1가 663-3,전라북도 전주시 완산구청,063-220-5156,35.791643,127.132711,2018-02-20
코오롱경로당,전라북도 전주시 완산구 평화2동,노인시설,2017-05-30,2017-09-30,132,60,2,1,N,Y,N,-,전라북도 전주시 완산구 평화로 181,전라북도 전주시 완산구 평화동1가 696-0,전라북도 전주시 완산구청,063-220-5156,35.793075,127.135018,2018-02-20
주공그린2차경로당,전라북도 전주시 완산구 평화2동,노인시설,2017-05-30,2017-09-30,171,64,5,1,N,Y,N,-,전라북도 전주시 완산구 평화12길 5,전라북도 전주시 완산구 평화동2가 869-1,전라북도 전주시 완산구청,063-220-5156,35.790643,127.135299,2018-02-20
주공그린1차경로당,전라북도 전주시 완산구 평화2동,노인시설,2017-05-30,2017-09-30,79,78,2,2,N,Y,N,-,전라북도 전주시 완산구 구이로 2094,전라북도 전주시 완산구 평화동2가 897-1,전라북도 전주시 완산구청,063-220-5156,35.783944,127.131191,2018-02-20
동신아파트경로당,전라북도 전주시 완산구 평화2동,노인시설,2017-05-30,2017-09-30,452,55,4,1,N,Y,N,-,전라북도 전주시 완산구 양지2길 10,전라북도 전주시 완산구 평화동2가 567-0,전라북도 전주시 완산구청,063-220-5156,35.791519,127.121838,2018-02-20
오네트경로당,전라북도 전주시 완산구 평화1동,노인시설,2017-05-30,2017-09-30,93,20,3,3,N,N,N,-,전라북도 전주시 완산구 덕적골1길 50,전라북도 전주시 완산구 평화동1가 766-0,전라북도 전주시 완산구청,063-220-5156,35.793411,127.139208,2018-02-20
양지효성경로당,전라북도 전주시 완산구 평화1동,노인시설,2017-05-30,2017-09-30,72,10,2,1,N,N,N,-,전라북도 전주시 완산구 장승배기3길 8,전라북도 전주시 완산구 평화동1가 412-0,전라북도 전주시 완산구청,063-220-5156,35.800214,127.142663,2018-02-20
상가부인경로당,전라북도 전주시 덕진구 덕진동,노인시설,2017-05-30,2017-09-30,109,27,1,1,Y,Y,N,-,전라북도 전주시 덕진구 상가마을길 11-1,전라북도 전주시 덕진구 덕진동2가 443-0,전라북도 전주시 덕진구청,063-270-6341,35.840361,127.1144653,2018-02-20
덕진동주민자치센터,전라북도 전주시 덕진구 덕진동,복지회관,2017-05-30,2017-09-30,617,154,4,1,N,Y,N,-,전라북도 전주시 덕진구 기린대로 533-7,전라북도 전주시 덕진구 덕진동1가 1357-5,전라북도 전주시 덕진구청,063-270-6341,35.845318,127.120658,2018-02-20
덕암경로당,전라북도 전주시 덕진구 덕진동,노인시설,2017-05-30,2017-09-30,69,17,2,1,Y,Y,N,-,전라북도 전주시 덕진구 덕암길 21-6,전라북도 전주시 덕진구 덕진동1가 1334-1,전라북도 전주시 덕진구청,063-270-6341,35.852046,127.124869,2018-02-20
신성경로당,전라북도 전주시 덕진구 덕진동,노인시설,2017-05-30,2017-09-30,76,19,1,1,N,Y,N,-,전라북도 전주시 덕진구 들사평3길 26-8,전라북도 전주시 덕진구 덕진동1가 1411-13,전라북도 전주시 덕진구청,063-270-6341,35.839748,127.123078,2018-02-20
사평여자경로당,전라북도 전주시 덕진구 덕진동,노인시설,2017-05-30,2017-09-30,314,78,2,1,N,N,N,-,전라북도 전주시 덕진구 사평4길 24,전라북도 전주시 덕진구 덕진동1가 1375-8,전라북도 전주시 덕진구청,063-270-6341,35.843485,127.121457,2018-02-20
명성강변경로당,전라북도 전주시 덕진구 덕진동,노인시설,2017-05-30,2017-09-30,74,18,2,1,N,Y,N,-,전라북도 전주시 덕진구 가리내로 204,전라북도 전주시 덕진구 덕진동2가 450-2,전라북도 전주시 덕진구청,063-270-6341,35.839145,127.115757,2018-02-20
연지경로당,전라북도 전주시 덕진구 덕진동,노인시설,2017-05-30,2017-09-30,47,11,1,1,N,Y,N,-,전라북도 전주시 덕진구 권삼득로 379-3,전라북도 전주시 덕진구 덕진동1가 1314-55,전라북도 전주시 덕진구청,063-270-6341,35.846511,127.122317,2018-02-20
아중도서관,전라북도 전주시 덕진구 인후3동,기타,2017-05-30,2017-09-30,854,214,3,3,N,N,N,-,전라북도 전주시 덕진구 무삼지2길 7(인후동1가),전라북도 전주시 덕진구 인후동1가 907-1,전라북도 전주시 덕진구청,063-270-6341,35.82632923,127.162592,2018-02-20
부영3차경로당,전라북도 전주시 덕진구 인후3동,노인시설,2017-05-30,2017-09-30,102,26,5,1,N,Y,N,-,전라북도 전주시 덕진구 아중로 180(부영@ 3단지 관리동),전라북도 전주시 덕진구 인후동1가 951-3,전라북도 전주시 덕진구청,063-270-6341,35.826216,127.169477,2018-02-20
진버들부영1차경로당,전라북도 전주시 덕진구 인후3동,노인시설,2017-05-30,2017-09-30,82,21,2,2,N,Y,N,-,전라북도 전주시 덕진구 진버들 3길 8-3 (인후동1가),전라북도 전주시 덕진구 인후동1가 802-1,전라북도 전주시 덕진구청,063-270-6341,35.834989,127.162246,2018-02-20
아중1차제일경로당,전라북도 전주시 덕진구 인후3동,노인시설,2017-05-30,2017-09-30,57,14,4,1,N,Y,N,-,전라북도 전주시 덕진구 석소로 31 (인후동1가),전라북도 전주시 덕진구 인후동1가 890-3,전라북도 전주시 덕진구청,063-270-6341,35.829673,127.168898,2018-02-20
동진경로당,전라북도 전주시 덕진구 인후3동,노인시설,2017-05-30,2017-09-30,68,16,2,1,N,Y,N,-,"전라북도 전주시 덕진구 인후3길 40-25 (인후동1가, 동진아파트)",전라북도 전주시 덕진구 인후동1가 226-2,전라북도 전주시 덕진구청,063-270-6341,35.832949,127.156634,2018-02-20
아중대우1차경로당,전라북도 전주시 덕진구 인후3동,노인시설,2017-05-30,2017-09-30,132,33,2,1,N,Y,N,-,"전라북도 전주시 덕진구 석소로 77 (인후동1가, 아중대우아파트)",전라북도 전주시 덕진구 인후동1가 858-1,전라북도 전주시 덕진구청,063-270-6341,35.833693,127.166377,2018-02-20
아중아남경로당,전라북도 전주시 덕진구 인후3동,노인시설,2017-05-30,2017-09-30,68,17,2,2,N,Y,N,-,"전라북도 전주시 덕진구 한배미로 5 (인후동1가, 아중아남아파트)",전라북도 전주시 덕진구 인후동1가 951-1,전라북도 전주시 덕진구청,063-270-6341,35.8257336,127.167092,2018-02-20
제일2차경로당,전라북도 전주시 덕진구 인후3동,노인시설,2017-05-30,2017-09-30,85,21,2,1,N,Y,N,-,전라북도 전주시 덕진구 아중로 166 (인후동1가),전라북도 전주시 덕진구 인후동1가 951-2,전라북도 전주시 덕진구청,063-270-6341,35.826421,127.168092,2018-02-20
안고을우성경로당,전라북도 전주시 덕진구 인후3동,노인시설,2017-05-30,2017-09-30,77,19,2,2,N,Y,N,-,전라북도 전주시 덕진구 진버들2길 16 (인후동1가),전라북도 전주시 덕진구 인후동1가 458-0,전라북도 전주시 덕진구청,063-270-6341,35.836349,127.159465,2018-02-20
아중현대경로당,전라북도 전주시 덕진구 인후3동,노인시설,2017-05-30,2017-09-30,170,42,4,2,N,Y,N,-,"전라북도 전주시 덕진구 석소로 55 (인후동1가, 아중현대아파트)",전라북도 전주시 덕진구 인후동1가 858-2,전라북도 전주시 덕진구청,063-270-6341,35.8320656,127.166084,2018-02-20
부영5차만수경로당,전라북도 전주시 덕진구 인후3동,노인시설,2017-05-30,2017-09-30,110,27,4,2,N,Y,N,-,"전라북도 전주시 덕진구 한배미로 33 (인후동1가, 아중마을부영5차 아파트)",전라북도 전주시 덕진구 인후동1가 951-7,전라북도 전주시 덕진구청,063-270-6341,35.824845,127.169347,2018-02-20
화약골경로당,전라북도 전주시 덕진구 인후3동,노인시설,2017-05-30,2017-09-30,74,18,2,1,N,Y,N,-,전라북도 전주시 덕진구 인후5길 24 (인후동1가),전라북도 전주시 덕진구 인후동1가 222-37,전라북도 전주시 덕진구청,063-270-6341,35.830462,127.156682,2018-02-20
화평경로당,전라북도 전주시 덕진구 인후3동,노인시설,2017-05-30,2017-09-30,93,23,3,2,N,Y,N,-,전라북도 전주시 덕진구 서가재미 3길 9 (인후동1가),전라북도 전주시 덕진구 인후동1가 820-10,전라북도 전주시 덕진구청,063-270-6341,35.832984,127.159102,2018-02-20
부영6차경로당,전라북도 전주시 덕진구 인후3동,노인시설,2017-05-30,2017-09-30,102,25,3,1,N,Y,N,-,전라북도 전주시 덕진구 무삼지로 8 (인후동1가),전라북도 전주시 덕진구 인후동1가 918-1,전라북도 전주시 덕진구청,063-270-6341,35.827308,127.1667155,2018-02-20
서원 경로당,전라북도 전주시 완산구 중화산1동,노인시설,2017-05-30,2017-09-30,82,27,1,1,N,N,N,-,전라북도 전주시 완산구 선너머3길 6-7(중화산동1가),전라북도 전주시 완산구 중화산동1가 278-0,전라북도 전주시 완산구청,063-220-5156,35.813425,127.1311163,2018-02-20
선너머복지관,전라북도 전주시 완산구 중화산1동,복지회관,2017-05-30,2017-09-30,1617,100,17,6,N,N,N,-,전라북도 전주시 완산구 선너머로 54,전라북도 전주시 완산구 중화산동1가 221-27,전라북도 전주시 완산구청,063-220-5156,35.815305,127.130539,2018-02-20
서원복지관,전라북도 전주시 완산구 중화산1동,복지회관,2017-05-30,2017-09-30,1539,150,21,6,N,N,N,-,전라북도 전주시 완산구 따박골5길 36,전라북도 전주시 완산구 중화산동2가 555-1,전라북도 전주시 완산구청,063-220-5156,35.808945,127.127245,2018-02-20
중화산1동 주민센터,전라북도 전주시 완산구 중화산1동,주민센터,2017-05-30,2017-09-30,448,100,10,3,N,N,N,-,전라북도 전주시 완산구 한두평3길 16,전라북도 전주시 완산구 중화산동2가 662-0,전라북도 전주시 완산구청,063-220-5156,35.8145852,127.124837,2018-02-20
중앙동주민센터,전라북도 전주시 완산구 중앙동,주민센터,2017-05-30,2017-09-30,100,25,2,3,N,N,N,-,전라북도 전주시 완산구 태평3길 43-17,전라북도 전주시 완산구 태평동 32-0,전라북도 전주시 완산구청,063-220-5156,35.8235049,127.140609,2018-02-20
연수정경로당,전라북도 전주시 완산구 중앙동,노인시설,2017-05-30,2017-09-30,90,22,2,1,N,Y,N,-,전라북도 전주시 완산구 전라감영5길 19-11(중앙동),전라북도 전주시 완산구 중앙동3가 31-3,전라북도 전주시 완산구청,063-220-5156,35.8173227,127.145158,2018-02-20
태평2경로당,전라북도 전주시 완산구 중앙동,노인시설,2017-05-30,2017-09-30,66,16,3,1,N,Y,N,-,전라북도 전주시 완산구 물레방아3길 6-1(태평동)1층,전라북도 전주시 완산구 태평동 147-4,전라북도 전주시 완산구청,063-220-5156,35.823281,127.134248,2018-02-20
태평자모경로당,전라북도 전주시 완산구 중앙동,노인시설,2017-05-30,2017-09-30,45,11,2,2,N,Y,N,-,전라북도 전주시 완산구 물레방아3길 6-1(태평동)1층,전라북도 전주시 완산구 태평동 147-4,전라북도 전주시 완산구청,063-220-5156,35.823281,127.134248,2018-02-20
SK경로당,전라북도 전주시 완산구 중앙동,노인시설,2017-05-30,2017-09-30,80,20,2,2,N,Y,N,-,전라북도 전주시 완산구 태평2길 22,전라북도 전주시 완산구 태평동 291-0,전라북도 전주시 완산구청,063-220-5156,35.824461,127.139149,2018-02-20
태평1경로당,전라북도 전주시 완산구 중앙동,노인시설,2017-05-30,2017-09-30,99,24,3,2,N,Y,N,-,전라북도 전주시 완산구 공북로 67-5,전라북도 전주시 완산구 태평동 13-18,전라북도 전주시 완산구청,063-220-5156,35.826199,127.138964,2018-02-20
완산동주민센터,전라북도 전주시 완산구 완산동,주민센터,2017-05-30,2017-09-30,283,71,5,3,N,N,N,-,전라북도 전주시 완산구 강당2길 7,전라북도 전주시 완산구 서완산동2가 71-31,전라북도 전주시 완산구청,063-220-5156,35.809207,127.134844,2018-02-20
송하정경로당,전라북도 전주시 완산구 완산동,노인시설,2017-05-30,2017-09-30,70,18,2,1,N,Y,N,-,전라북도 전주시 완산구 강당1길 4,전라북도 전주시 완산구 서완산동2가 74-1,전라북도 전주시 완산구청,063-220-5156,35.808807,127.134317,2018-02-20
학서당경로당,전라북도 전주시 완산구 완산동,노인시설,2017-05-30,2017-09-30,84,21,2,1,N,Y,N,-,전라북도 전주시 완산구 강당3길 17-2,전라북도 전주시 완산구 서완산동2가 80-61,전라북도 전주시 완산구청,063-220-5156,35.809598,127.136554,2018-02-20
신낙원경로당,전라북도 전주시 완산구 완산동,노인시설,2017-05-30,2017-09-30,94,24,2,1,N,Y,N,-,전라북도 전주시 완산구 강당2길 12-3,전라북도 전주시 완산구 서완산동2가 81-8,전라북도 전주시 완산구청,063-220-5156,35.809752,127.135415,2018-02-20
투구봉경로당,전라북도 전주시 완산구 완산동,노인시설,2017-05-30,2017-09-30,59,15,2,1,N,Y,N,-,전라북도 전주시 완산구 완산6길 8-19,전라북도 전주시 완산구 동완산동 423-3,전라북도 전주시 완산구청,063-220-5156,35.807972,127.143598,2018-02-20
장애인경로당,전라북도 전주시 완산구 완산동,노인시설,2017-05-30,2017-09-30,48,12,2,1,N,N,N,-,전라북도 전주시 완산구 매곡로 27-8,전라북도 전주시 완산구 동완산동 400-1,전라북도 전주시 완산구청,063-220-5156,35.809171,127.144935,2018-02-20
기령당경로당,전라북도 전주시 완산구 완산동,노인시설,2017-05-30,2017-09-30,298,75,2,1,N,N,N,-,전라북도 전주시 완산구 완산2길 15-3,전라북도 전주시 완산구 서완산동1가 25-1,전라북도 전주시 완산구청,063-220-5156,35.810679,127.140305,2018-02-20
백학경로당,전라북도 전주시 완산구 완산동,노인시설,2017-05-30,2017-09-30,99,25,0,2,N,Y,N,-,전라북도 전주시 완산구 완산2길 7-1,전라북도 전주시 완산구 서완산동1가 417-9,전라북도 전주시 완산구청,063-220-5156,35.811239,127.140443,2018-02-20
매곡경로당,전라북도 전주시 완산구 완산동,노인시설,2017-05-30,2017-09-30,99,25,2,1,N,Y,N,-,전라북도 전주시 완산구 곤지산4길 12-3,전라북도 전주시 완산구 동완산동 619-4,전라북도 전주시 완산구청,063-220-5156,35.809615,127.147763,2018-02-20
청학경로당,전라북도 전주시 완산구 완산동,노인시설,2017-05-30,2017-09-30,86,22,2,1,N,Y,N,-,전라북도 전주시 완산구 완산5길 24-1,전라북도 전주시 완산구 동완산동 459-0,전라북도 전주시 완산구청,063-220-5156,35.809931,127.142858,2018-02-20
전라북도노인복지관,전라북도 전주시 완산구 서신동,복지회관,2017-05-30,2017-09-30,99,24,30,12,N,N,N,-,전라북도 전주시 완산구 감나무4길 29(서신동),전라북도 전주시 완산구 서신동 788-0,전라북도 전주시 완산구청,063-220-5156,35.8313147,127.1193485,2018-02-20
서신동 주민센터,전라북도 전주시 완산구 서신동,주민센터,2017-05-30,2017-09-30,165,21,0,1,N,N,N,-,전라북도 전주시 완산구 서신천변14길 10(서신동),전라북도 전주시 완산구 서신동 804-0,전라북도 전주시 완산구청,063-220-5156,35.830985,127.115327,2018-02-20
지안리즈경로당,전라북도 전주시 완산구 평화1동,노인시설,2017-05-30,2017-09-30,66,15,2,1,N,N,N,-,전라북도 전주시 완산구 덕적골2길 66,전라북도 전주시 완산구 평화동1가 761-0,전라북도 전주시 완산구청,063-220-5156,35.793144,127.140914,2018-02-20
화전경로당,전라북도 전주시 완산구 평화1동,노인시설,2017-05-30,2017-09-30,84,15,1,1,N,N,N,-,전라북도 전주시 완산구 꽃밭정8길 9,전라북도 전주시 완산구 평화동1가 577-37,전라북도 전주시 완산구청,063-220-5156,35.798679,127.138553,2018-02-20
학산(한성)경로당,전라북도 전주시 완산구 평화1동,노인시설,2017-05-30,2017-09-30,129,20,3,2,N,N,N,-,전라북도 전주시 완산구 덕적골1길 33,전라북도 전주시 완산구 평화동1가 467-0,전라북도 전주시 완산구청,063-220-5156,35.794601,127.140423,2018-02-20
일 성경로당,전라북도 전주시 완산구 평화1동,노인시설,2017-05-30,2017-09-30,167,20,3,1,N,N,N,-,전라북도 전주시 완산구 평화19길 20,전라북도 전주시 완산구 평화동1가 522-0,전라북도 전주시 완산구청,063-220-5156,35.794025,127.138128,2018-02-20
극동평화경로당,전라북도 전주시 완산구 평화1동,노인시설,2017-05-30,2017-09-30,42,25,2,2,N,N,N,-,전라북도 전주시 완산구 덕적골1길 10,전라북도 전주시 완산구 평화동1가 570-15,전라북도 전주시 완산구청,063-220-5156,35.796776,127.138308,2018-02-20
장수(전주복지)경로당,전라북도 전주시 완산구 평화1동,노인시설,2017-05-30,2017-09-30,60,15,3,2,N,N,N,-,전라북도 전주시 완산구 덕적골2길 22,전라북도 전주시 완산구 평화동1가 445-1,전라북도 전주시 완산구청,063-220-5156,35.796568,127.139505,2018-02-20
장승(평화복지)경로당,전라북도 전주시 완산구 평화1동,노인시설,2017-05-30,2017-09-30,141,20,2,1,N,N,N,-,전라북도 전주시 완산구 덕적골2길 25,전라북도 전주시 완산구 평화동1가 445-6,전라북도 전주시 완산구청,063-220-5156,35.7966361,127.142261,2018-02-20
평화1동 주민센터,전라북도 전주시 완산구 평화1동,주민센터,2017-05-30,2017-09-30,9,10,1,1,N,N,N,-,전라북도 전주시 완산구 장승배기로 256,전라북도 전주시 완산구 평화동1가 445-8,전라북도 전주시 완산구청,063-220-5156,35.798034,127.140297,2018-02-20
장동에코르경로당,전라북도 전주시 덕진구 장동,노인시설,2017-05-30,2017-09-30,94,23,2,1,N,Y,N,-,전라북도 전주시 덕진구 정암길 19,전라북도 전주시 덕진구 장동 1052-2,전라북도 전주시 덕진구청,063-270-6341,35.861494,127.060801,2018-02-20
두현마을경로당,전라북도 전주시 덕진구 만성동,노인시설,2017-05-30,2017-09-30,57,14,2,1,N,Y,N,-,전라북도 전주시 덕진구 두현길 21,전라북도 전주시 덕진구 만성동 701-3,전라북도 전주시 덕진구청,063-270-6341,35.831721,127.074301,2018-02-20
원장동여자경로당,전라북도 전주시 덕진구 장동,노인시설,2017-05-30,2017-09-30,41,10,2,1,N,N,N,-,전라북도 전주시 덕진구 원장동길 57,전라북도 전주시 덕진구 장동 225-1,전라북도 전주시 덕진구청,063-270-6341,35.846669,127.059692,2018-02-20
태평경로당,전라북도 전주시 덕진구 여의동,노인시설,2017-05-30,2017-09-30,66,16,2,1,N,Y,N,-,전라북도 전주시 덕진구 양마로 85-12,전라북도 전주시 덕진구 여의동 751-102,전라북도 전주시 덕진구청,063-270-6341,35.860415,127.078462,2018-02-20
방초경로당,전라북도 전주시 덕진구 여의동,노인시설,2017-05-30,2017-09-30,23,5,3,1,N,Y,N,-,전라북도 전주시 덕진구 방초길 22-3,전라북도 전주시 덕진구 여의동 676-0,전라북도 전주시 덕진구청,063-270-6341,35.8657543,127.077271,2018-02-20
여실경로당,전라북도 전주시 덕진구 여의동,노인시설,2017-05-30,2017-09-30,75,18,2,1,N,Y,N,-,전라북도 전주시 덕진구 여암1길 30,전라북도 전주시 덕진구 여의동 1235-15,전라북도 전주시 덕진구청,063-270-6341,35.870884,127.073336,2018-02-20
동인경로당,전라북도 전주시 덕진구 고랑동,노인시설,2017-05-30,2017-09-30,30,7,2,1,N,N,N,-,전라북도 전주시 덕진구 쪽구름3길 39-33,전라북도 전주시 덕진구 동산동 654-2,전라북도 전주시 덕진구청,063-270-6341,35.873799,127.079714,2018-02-20
백우경로당,전라북도 전주시 덕진구 동산동,노인시설,2017-05-30,2017-09-30,28,7,1,1,N,Y,N,-,전라북도 전주시 덕진구 편운로 37,전라북도 전주시 덕진구 동산동 647-0,전라북도 전주시 덕진구청,063-270-6341,35.872593,127.079883,2018-02-20
우신경로당,전라북도 전주시 덕진구 동산동,노인시설,2017-05-30,2017-09-30,69,17,2,1,N,Y,N,-,전라북도 전주시 덕진구 편운로 54-68,전라북도 전주시 덕진구 동산동 643-0,전라북도 전주시 덕진구청,063-270-6341,35.8724568,127.081889,2018-02-20
월곡경로당,전라북도 전주시 덕진구 고랑동,노인시설,2017-05-30,2017-09-30,49,12,3,1,N,Y,N,-,전라북도 전주시 덕진구 쪽구름5길 17-26,전라북도 전주시 덕진구 고랑동 819-27,전라북도 전주시 덕진구청,063-270-6341,35.876147,127.079111,2018-02-20
평리경로당,전라북도 전주시 덕진구 고랑동,노인시설,2017-05-30,2017-09-30,62,15,2,1,N,N,N,-,전라북도 전주시 덕진구 평리마을길 64,전라북도 전주시 덕진구 고랑동 581-7,전라북도 전주시 덕진구청,063-270-6341,35.883995,127.0882147,2018-02-20
신흥경로당,전라북도 전주시 덕진구 고랑동,노인시설,2017-05-30,2017-09-30,35,8,1,1,N,N,N,-,전라북도 전주시 덕진구 신흥마을길 179,전라북도 전주시 덕진구 고랑동 343-2,전라북도 전주시 덕진구청,063-270-6341,35.877822,127.094363,2018-02-20
동산동주민자치센터,전라북도 전주시 덕진구 동산동,복지회관,2017-05-30,2017-09-30,4402,200,10,1,N,N,N,-,전라북도 전주시 덕진구 여암2길 9,전라북도 전주시 덕진구 반월동 248-32,전라북도 전주시 덕진구청,063-270-6341,35.871307,127.075579,2018-02-20
영무예다음아파트경로당,전라북도 전주시 덕진구 조촌동,노인시설,2017-05-30,2017-09-30,40,13,2,1,N,Y,N,-,전라북도 전주시 덕진구 반월4길 16 (반월동),전라북도 전주시 덕진구 반월동 217-4,전라북도 전주시 덕진구청,063-270-6341,35.875269,127.0727863,2018-02-20
반월주공아파트경로당,전라북도 전주시 덕진구 조촌동,노인시설,2017-05-30,2017-09-30,94,30,1,1,N,Y,N,-,전라북도 전주시 덕진구 반월3길 17 (반월동),전라북도 전주시 덕진구 반월동 1229-0,전라북도 전주시 덕진구청,063-270-6341,35.872349,127.072798,2018-02-20
원호경로당,전라북도 전주시 덕진구 인후3동,노인시설,2017-05-30,2017-09-30,73,18,3,1,N,Y,N,-,전라북도 전주시 덕진구 인봉로 62 (인후동1가),전라북도 전주시 덕진구 인후동1가 152-15,전라북도 전주시 덕진구청,063-270-6341,35.828697,127.158206,2018-02-20
꿈마을부영2차경로당,전라북도 전주시 덕진구 인후3동,노인시설,2017-05-30,2017-09-30,341,85,2,2,N,Y,N,-,"전라북도 전주시 덕진구 무삼지로 40 (인후동1가, 인후꿈마을부영아파트)",전라북도 전주시 덕진구 인후동1가 890-1,전라북도 전주시 덕진구청,063-270-6341,35.829871,127.164945,2018-02-20
신우경로당,전라북도 전주시 덕진구 인후3동,노인시설,2017-05-30,2017-09-30,69,17,4,2,N,Y,N,-,"전라북도 전주시 덕진구 진버들5길 25 (인후동1가, 신우아파트)",전라북도 전주시 덕진구 인후동1가 523-21,전라북도 전주시 덕진구청,063-270-6341,35.836875,127.1638126,2018-02-20
봉래여자경로당,전라북도 전주시 덕진구 인후3동,노인시설,2017-05-30,2017-09-30,64,16,1,1,N,Y,N,-,전라북도 전주시 덕진구 인후4길 3-19(인후동1가),전라북도 전주시 덕진구 인후동1가 157-114,전라북도 전주시 덕진구청,063-270-6341,35.829816,127.1546492,2018-02-20
봉래남자경로당,전라북도 전주시 덕진구 인후3동,노인시설,2017-05-30,2017-09-30,72,18,4,1,N,Y,N,-,전라북도 전주시 덕진구 인후4길 3-19(인후동1가),전라북도 전주시 덕진구 인후동1가 157-114,전라북도 전주시 덕진구청,063-270-6341,35.829816,127.1546492,2018-02-20
인후3동주민자치센터,전라북도 전주시 덕진구 인후3동,복지회관,2017-05-30,2017-09-30,198,49,11,4,N,N,N,-,전라북도 전주시 덕진구 구총목로 11(인후동1가),전라북도 전주시 덕진구 인후동1가 886-6,전라북도 전주시 덕진구청,063-270-6341,35.827997,127.161301,2018-02-20
물왕멀경로당,전라북도 전주시 덕진구 인후2동,노인시설,2017-05-30,2017-09-30,38,9,1,1,N,Y,N,-,전라북도 전주시 덕진구 반태산6길 25-2,전라북도 전주시 덕진구 인후동1가 178-57,전라북도 전주시 덕진구청,063-270-6341,35.831828,127.151001,2018-02-20
성락경로당,전라북도 전주시 덕진구 인후2동,노인시설,2017-05-30,2017-09-30,60,15,2,1,Y,Y,N,-,"전라북도 전주시 덕진구 명주5길 11, 성락프라자4층",전라북도 전주시 덕진구 인후동2가 1575-1,전라북도 전주시 덕진구청,063-270-6341,35.844473,127.150977,2018-02-20
영현경로당,전라북도 전주시 덕진구 인후2동,노인시설,2017-05-30,2017-09-30,41,10,1,1,N,Y,N,-,전라북도 전주시 덕진구 반태산1길 66-4,전라북도 전주시 덕진구 인후동1가 705-82,전라북도 전주시 덕진구청,063-270-6341,35.829935,127.149737,2018-02-20
용수경로당,전라북도 전주시 덕진구 인후2동,노인시설,2017-05-30,2017-09-30,82,20,2,1,Y,Y,N,-,전라북도 전주시 덕진구 거북바우로 124-24,전라북도 전주시 덕진구 인후동2가 63-270,전라북도 전주시 덕진구청,063-270-6341,35.841496,127.149348,2018-02-20
수인경로당,전라북도 전주시 덕진구 인후2동,노인시설,2017-05-30,2017-09-30,38,9,1,1,N,Y,N,-,"전라북도 전주시 덕진구 작은모래내 3길 30-1, 1층",전라북도 전주시 덕진구 인후동2가 245-19,전라북도 전주시 덕진구청,063-270-6341,35.833256,127.147721,2018-02-20
인후2동주민자치센터,전라북도 전주시 덕진구 인후2동,복지회관,2017-05-30,2017-09-30,66,16,7,1,Y,N,N,-,"전라북도 전주시 덕진구 견훤왕궁로 244, 2층",전라북도 전주시 덕진구 인후동2가 26-8,전라북도 전주시 덕진구청,063-270-6341,35.840291,127.145896,2018-02-20
금평(여)경로당,전라북도 전주시 덕진구 인후2동,노인시설,2017-05-30,2017-09-30,60,15,1,1,N,N,N,-,"전라북도 전주시 덕진구 명주4길 9, 금평어린이공원 1층",전라북도 전주시 덕진구 인후동2가 1556-1,전라북도 전주시 덕진구청,063-270-6341,35.844171,127.149087,2018-02-20
동남유정경로당,전라북도 전주시 덕진구 인후1동,노인시설,2017-05-30,2017-09-30,24,6,1,1,N,Y,N,-,전라북도 전주시 덕진구 팽나무5길 17,전라북도 전주시 덕진구 인후동1가 470-9,전라북도 전주시 덕진구청,063-270-6341,35.835498,127.156374,2018-02-20
수정경로당,전라북도 전주시 덕진구 인후1동,노인시설,2017-05-30,2017-09-30,26,6,2,1,N,Y,N,-,전라북도 전주시 덕진구 인후1길 7,전라북도 전주시 덕진구 인후동1가 186-25,전라북도 전주시 덕진구청,063-270-6341,35.832505,127.152488,2018-02-20
한신휴플러스경로당,전라북도 전주시 덕진구 인후1동,노인시설,2017-05-30,2017-09-30,158,39,1,2,N,Y,N,-,전라북도 전주시 덕진구 안덕원로 251,전라북도 전주시 덕진구 인후동1가 1029-0,전라북도 전주시 덕진구청,063-270-6341,35.838141,127.154188,2018-02-20
위브어울림경로당,전라북도 전주시 덕진구 인후1동,노인시설,2017-05-30,2017-09-30,72,18,1,1,N,Y,N,-,전라북도 전주시 덕진구 견훤로 333,전라북도 전주시 덕진구 인후동1가 1033-0,전라북도 전주시 덕진구청,063-270-6341,35.841302,127.153712,2018-02-20
인후선변경로당,전라북도 전주시 덕진구 인후1동,노인시설,2017-05-30,2017-09-30,84,21,1,1,N,Y,N,-,전라북도 전주시 덕진구 심방죽로 16,전라북도 전주시 덕진구 인후동1가 574-0,전라북도 전주시 덕진구청,063-270-6341,35.836893,127.150936,2018-02-20
인후경로당,전라북도 전주시 덕진구 인후1동,노인시설,2017-05-30,2017-09-30,158,39,2,1,N,Y,N,-,전라북도 전주시 덕진구 안덕원로 321-5,전라북도 전주시 덕진구 인후동1가 541-35,전라북도 전주시 덕진구청,063-270-6341,35.838402,127.161845,2018-02-20
삼호경로당,전라북도 전주시 덕진구 인후1동,노인시설,2017-05-30,2017-09-30,41,10,2,1,N,Y,N,-,전라북도 전주시 덕진구 안덕원로 311,전라북도 전주시 덕진구 인후동1가 500-1,전라북도 전주시 덕진구청,063-270-6341,35.839128,127.161228,2018-02-20
사천남자경로당,전라북도 전주시 덕진구 인후1동,노인시설,2017-05-30,2017-09-30,56,14,2,1,N,Y,N,-,전라북도 전주시 덕진구 건산로 143-2,전라북도 전주시 덕진구 인후동1가 631-13,전라북도 전주시 덕진구청,063-270-6341,35.833555,127.153108,2018-02-20
기린경로당,전라북도 전주시 덕진구 인후1동,노인시설,2017-05-30,2017-09-30,61,15,2,1,N,Y,N,-,전라북도 전주시 덕진구 인후2길 17,전라북도 전주시 덕진구 인후동1가 186-21,전라북도 전주시 덕진구청,063-270-6341,35.832016,127.153434,2018-02-20
호암경로당,전라북도 전주시 완산구 서신동,노인시설,2017-05-30,2017-09-30,84,21,2,1,N,Y,N,-,전라북도 전주시 완산구 바구멀1길 11-5(서신동),전라북도 전주시 완산구 서신동 40-44,전라북도 전주시 완산구청,063-220-5156,35.8295606,127.123732,2018-02-20
현대경로당,전라북도 전주시 완산구 서신동,노인시설,2017-05-30,2017-09-30,86,21,4,1,N,Y,N,-,"전라북도 전주시 완산구 서신로 90(서신동,현대아파트)",전라북도 전주시 완산구 서신동 765-1,전라북도 전주시 완산구청,063-220-5156,35.832888,127.116778,2018-02-20
중흥경로당,전라북도 전주시 완산구 서신동,노인시설,2017-05-30,2017-09-30,82,20,2,1,N,Y,N,-,"전라북도 전주시 완산구 새터로 74(서신동,중흥아파트)",전라북도 전주시 완산구 서신동 962-2,전라북도 전주시 완산구청,063-220-5156,35.834684,127.114622,2018-02-20
제일비사벌경로당,전라북도 전주시 완산구 서신동,노인시설,2017-05-30,2017-09-30,58,14,2,1,N,Y,N,-,"전라북도 전주시 완산구 당산로 43(서신동,제일비사벌새터마을아파트)",전라북도 전주시 완산구 서신동 764-2,전라북도 전주시 완산구청,063-220-5156,35.832951,127.113125,2018-02-20
e-편한세상경로당,전라북도 전주시 완산구 서신동,노인시설,2017-05-30,2017-09-30,92,23,3,1,N,Y,N,-,"전라북도 전주시 완산구 여울로 161(서신동,서신이편한세상)",전라북도 전주시 완산구 서신동 572-0,전라북도 전주시 완산구청,063-220-5156,35.839656,127.106873,2018-02-20
유창경로당,전라북도 전주시 완산구 서신동,노인시설,2017-05-30,2017-09-30,72,18,2,2,N,Y,N,-,"전라북도 전주시 완산구 백제대로 379(서신동,유창아파트)",전라북도 전주시 완산구 서신동 995-1,전라북도 전주시 완산구청,063-220-5156,35.826492,127.122128,2018-02-20
우신경로당,전라북도 전주시 완산구 서신동,노인시설,2017-05-30,2017-09-30,79,19,1,1,N,Y,N,-,"전라북도 전주시 완산구 잿뜸1길 11(서신동,우신아파트)",전라북도 전주시 완산구 서신동 22-17,전라북도 전주시 완산구청,063-220-5156,35.827164,127.124035,2018-02-20
우성경로당,전라북도 전주시 완산구 서신동,노인시설,2017-05-30,2017-09-30,66,16,1,1,N,Y,N,-,"전라북도 전주시 완산구 전룡로 65(서신동,우성아파트)",전라북도 전주시 완산구 서신동 281-6,전라북도 전주시 완산구청,063-220-5156,35.8279048,127.119555,2018-02-20
영창경로당,전라북도 전주시 완산구 서신동,노인시설,2017-05-30,2017-09-30,79,19,2,1,N,N,N,-,"전라북도 전주시 완산구 전룡5길 7(서신동,영창아파트)",전라북도 전주시 완산구 서신동 325-1,전라북도 전주시 완산구청,063-220-5156,35.825985,127.120639,2018-02-20
엘지경로당,전라북도 전주시 완산구 서신동,노인시설,2017-05-30,2017-09-30,64,16,0,2,N,Y,N,-,"전라북도 전주시 완산구 여울로 109(서신동,엘지아파트)",전라북도 전주시 완산구 서신동 960-1,전라북도 전주시 완산구청,063-220-5156,35.836936,127.113302,2018-02-20
쌍용경로당,전라북도 전주시 완산구 서신동,노인시설,2017-05-30,2017-09-30,102,25,2,1,N,Y,N,-,"전라북도 전주시 완산구 당산로 11(서신동,쌍용서신아파트)",전라북도 전주시 완산구 서신동 761-2,전라북도 전주시 완산구청,063-220-5156,35.832598,127.107982,2018-02-20
신일경로당,전라북도 전주시 완산구 서신동,노인시설,2017-05-30,2017-09-30,72,18,2,1,N,Y,N,-,"전라북도 전주시 완산구 온고을로 119(서신동,신일아파트)",전라북도 전주시 완산구 서신동 763-1,전라북도 전주시 완산구청,063-220-5156,35.832935,127.1106964,2018-02-20
성원경로당,전라북도 전주시 완산구 서신동,노인시설,2017-05-30,2017-09-30,95,23,2,1,N,N,N,-,"전라북도 전주시 완산구 서신천변11길 22-1(서신동,성원아파트)",전라북도 전주시 완산구 서신동 762-2,전라북도 전주시 완산구청,063-220-5156,35.830204,127.112181,2018-02-20
서신경로당,전라북도 전주시 완산구 서신동,노인시설,2017-05-30,2017-09-30,115,28,2,2,N,Y,N,-,전라북도 전주시 완산구 전룡로 81(서신동),전라북도 전주시 완산구 서신동 281-45,전라북도 전주시 완산구청,063-220-5156,35.828397,127.121387,2018-02-20
마전경로당,전라북도 전주시 완산구 서신동,노인시설,2017-05-30,2017-09-30,131,32,0,1,N,Y,N,-,전라북도 전주시 완산구 전룡1길 10-4(서신동),전라북도 전주시 완산구 서신동 859-2,전라북도 전주시 완산구청,063-220-5156,35.826037,127.116577,2018-02-20
롯데경로당,전라북도 전주시 완산구 서신동,노인시설,2017-05-30,2017-09-30,111,27,2,2,N,Y,N,-,"전라북도 전주시 완산구 전룡로 128-5(서신동,롯데아파트)",전라북도 전주시 완산구 서신동 5-10,전라북도 전주시 완산구청,063-220-5156,35.8283017,127.126928,2018-02-20
동아한일경로당,전라북도 전주시 완산구 서신동,노인시설,2017-05-30,2017-09-30,162,40,3,1,N,Y,N,-,"전라북도 전주시 완산구 새터로 95(서신동,동아한일아파트)",전라북도 전주시 완산구 서신동 961-0,전라북도 전주시 완산구청,063-220-5156,35.836284,127.117747,2018-02-20
동아2차경로당,전라북도 전주시 완산구 서신동,노인시설,2017-05-30,2017-09-30,57,14,1,2,N,Y,N,-,"전라북도 전주시 완산구 새터로 63(서신동,동아2차아파트)",전라북도 전주시 완산구 서신동 960-5,전라북도 전주시 완산구청,063-220-5156,35.835982,127.113401,2018-02-20
동아경로당,전라북도 전주시 완산구 서신동,노인시설,2017-05-30,2017-09-30,136,34,3,2,N,Y,N,-,"전라북도 전주시 완산구 당산로 101(서신동,서신동아파트)",전라북도 전주시 완산구 서신동 765-1,전라북도 전주시 완산구청,063-220-5156,35.832882,127.1178789,2018-02-20
대우대창경로당,전라북도 전주시 완산구 서신동,노인시설,2017-05-30,2017-09-30,105,26,0,1,N,Y,N,-,"전라북도 전주시 완산구 새터로 100(서신동,대우대창아파트)",전라북도 전주시 완산구 서신동 965-3,전라북도 전주시 완산구청,063-220-5156,35.8348645,127.118058,2018-02-20
대우경로당,전라북도 전주시 완산구 서신동,노인시설,2017-05-30,2017-09-30,79,19,3,1,N,Y,N,-,"전라북도 전주시 완산구 여울로 79(서신동,대우아파트)",전라북도 전주시 완산구 서신동 960-2,전라북도 전주시 완산구청,063-220-5156,35.8371213,127.114895,2018-02-20
대창하이빌경로당,전라북도 전주시 덕진구 조촌동,노인시설,2017-05-30,2017-09-30,115,16,1,1,N,Y,N,-,전라북도 전주시 덕진구 반월4길 15 (반월동),전라북도 전주시 덕진구 반월동 422-1,전라북도 전주시 덕진구청,063-270-6341,35.875175,127.071071,2018-02-20
도도경로당,전라북도 전주시 덕진구 조촌동,노인시설,2017-05-30,2017-09-30,87,10,1,1,N,Y,N,-,전라북도 전주시 덕진구 도도길 3 (도도동),전라북도 전주시 덕진구 도도동 80-3,전라북도 전주시 덕진구청,063-270-6341,35.884357,127.017537,2018-02-20
남정동경로당,전라북도 전주시 덕진구 조촌동,노인시설,2017-05-30,2017-09-30,74,20,1,1,N,Y,N,-,전라북도 전주시 덕진구 남정신기길 84 (남정동),전라북도 전주시 덕진구 남정동 619-10,전라북도 전주시 덕진구청,063-270-6341,35.868414,127.017623,2018-02-20
원반월경로당,전라북도 전주시 덕진구 조촌동,노인시설,2017-05-30,2017-09-30,99,15,1,1,N,Y,N,-,전라북도 전주시 덕진구 원반월안길 6 (반월동),전라북도 전주시 덕진구 반월동 853-2,전라북도 전주시 덕진구청,063-270-6341,35.873005,127.060887,2018-02-20
삼오경로당,전라북도 전주시 덕진구 조촌동,노인시설,2017-05-30,2017-09-30,80,13,4,1,N,Y,N,-,전라북도 전주시 덕진구 반월5길 8 (반월동),전라북도 전주시 덕진구 반월동 374-4,전라북도 전주시 덕진구청,063-270-6341,35.872913,127.068761,2018-02-20
실리경로당,전라북도 전주시 덕진구 조촌동,노인시설,2017-05-30,2017-09-30,96,25,2,1,N,Y,N,-,전라북도 전주시 덕진구 작은여실2길 29 (반월동),전라북도 전주시 덕진구 반월동 343-2,전라북도 전주시 덕진구청,063-270-6341,35.829393,127.134326,2018-02-20
청복경로당,전라북도 전주시 덕진구 조촌동,노인시설,2017-05-30,2017-09-30,92,8,1,1,N,Y,N,-,전라북도 전주시 덕진구 청복안길 30 (원동),전라북도 전주시 덕진구 원동 201-20,전라북도 전주시 덕진구청,063-270-6341,35.868385,127.037522,2018-02-20
흥덕경로당,전라북도 전주시 덕진구 조촌동,노인시설,2017-05-30,2017-09-30,124,10,2,1,N,Y,N,-,전라북도 전주시 덕진구 동계1길 6 (강흥동),전라북도 전주시 덕진구 강흥동 124-4,전라북도 전주시 덕진구청,063-270-6341,35.892379,127.017693,2018-02-20
청아경로당,전라북도 전주시 덕진구 조촌동,노인시설,2017-05-30,2017-09-30,88,15,3,1,N,Y,N,-,전라북도 전주시 덕진구 고잔2길 29 (도덕동),전라북도 전주시 덕진구 도덕동 215-2,전라북도 전주시 덕진구청,063-270-6341,35.8922341,127.024695,2018-02-20
중앙경로당,전라북도 전주시 덕진구 조촌동,노인시설,2017-05-30,2017-09-30,122,8,4,1,N,Y,N,-,전라북도 전주시 덕진구 쪽구름2길 17-5 (반월동),전라북도 전주시 덕진구 반월동 234-12,전라북도 전주시 덕진구청,063-270-6341,35.874614,127.075419,2018-02-20
한강경로당,전라북도 전주시 덕진구 조촌동,노인시설,2017-05-30,2017-09-30,28,10,1,1,N,Y,N,-,전라북도 전주시 덕진구 쪽구름로 127 (반월동),전라북도 전주시 덕진구 반월동 386-7,전라북도 전주시 덕진구청,063-270-6341,35.873744,127.071343,2018-02-20
남양경로당,전라북도 전주시 덕진구 조촌동,노인시설,2017-05-30,2017-09-30,86,8,2,1,N,Y,N,-,전라북도 전주시 덕진구 쪽구름로 123-12 (반월동),전라북도 전주시 덕진구 반월동 382-0,전라북도 전주시 덕진구청,063-270-6341,35.873381,127.071037,2018-02-20
원동부녀경로당,전라북도 전주시 덕진구 조촌동,노인시설,2017-05-30,2017-09-30,85,19,2,1,N,Y,N,-,전라북도 전주시 덕진구 원동마을길 48 (원동),전라북도 전주시 덕진구 원동 292-2,전라북도 전주시 덕진구청,063-270-6341,35.858213,127.034589,2018-02-20
조촌동주민자치센터,전라북도 전주시 덕진구 조촌동,복지회관,2017-05-30,2017-09-30,1217,150,10,1,N,N,N,-,전라북도 전주시 덕진구 쪽구름로 150,전라북도 전주시 덕진구 반월동 394-0,전라북도 전주시 덕진구청,063-270-6341,35.8745198,127.068789,2018-02-20
비사벌경로당,전라북도 전주시 덕진구 송천2동,노인시설,2017-05-30,2017-09-30,90,22,2,2,N,Y,N,-,전라북도 전주시 덕진구 송천3길 24,전라북도 전주시 덕진구 송천동1가 464-3,전라북도 전주시 덕진구청,063-270-6341,35.860653,127.118684,2018-02-20
한양여자경로당,전라북도 전주시 덕진구 송천2동,노인시설,2017-05-30,2017-09-30,131,32,2,1,N,Y,N,-,전라북도 전주시 덕진구 가리내로 550,전라북도 전주시 덕진구 송천동1가 605-4,전라북도 전주시 덕진구청,063-270-6341,35.860753,127.112693,2018-02-20
한양경로당,전라북도 전주시 덕진구 송천2동,노인시설,2017-05-30,2017-09-30,131,32,1,1,N,Y,N,-,전라북도 전주시 덕진구 가리내로 550,전라북도 전주시 덕진구 송천동1가 605-4,전라북도 전주시 덕진구청,063-270-6341,35.860753,127.112693,2018-02-20
용소제일경로당,전라북도 전주시 덕진구 송천2동,노인시설,2017-05-30,2017-09-30,82,20,2,1,N,Y,N,-,전라북도 전주시 덕진구 송천3길 50,전라북도 전주시 덕진구 송천동1가 626-3,전라북도 전주시 덕진구청,063-270-6341,35.860296,127.115511,2018-02-20
용소경로당,전라북도 전주시 덕진구 송천2동,노인시설,2017-05-30,2017-09-30,32,7,2,1,N,Y,N,-,전라북도 전주시 덕진구 송천3길 6-14,전라북도 전주시 덕진구 송천동1가 459-0,전라북도 전주시 덕진구청,063-270-6341,35.861678,127.119559,2018-02-20
솔내동아경로당,전라북도 전주시 덕진구 송천2동,노인시설,2017-05-30,2017-09-30,296,74,3,1,Y,Y,N,-,전라북도 전주시 덕진구 와룡2길 7,전라북도 전주시 덕진구 송천동2가 561-24,전라북도 전주시 덕진구청,063-270-6341,35.865927,127.113887,2018-02-20
삼성경로당,전라북도 전주시 덕진구 송천2동,노인시설,2017-05-30,2017-09-30,53,13,2,2,Y,Y,N,-,전라북도 전주시 덕진구 송천로 109,전라북도 전주시 덕진구 송천동1가 596-10,전라북도 전주시 덕진구청,063-270-6341,35.862111,127.115933,2018-02-20
롯데여자경로당,전라북도 전주시 덕진구 송천2동,노인시설,2017-05-30,2017-09-30,33,8,2,1,N,Y,N,-,전라북도 전주시 덕진구 와룡2길 14,전라북도 전주시 덕진구 송천동2가 561-1,전라북도 전주시 덕진구청,063-270-6341,35.8671026,127.112622,2018-02-20
거성프라자경로당,전라북도 전주시 덕진구 인후1동,노인시설,2017-05-30,2017-09-30,74,18,1,1,N,Y,N,-,전라북도 전주시 덕진구 팽나무4길 7,전라북도 전주시 덕진구 인후동1가 782-0,전라북도 전주시 덕진구청,063-270-6341,35.835832,127.1551374,2018-02-20
궁전경로당,전라북도 전주시 덕진구 인후1동,노인시설,2017-05-30,2017-09-30,44,11,1,1,N,Y,N,-,전라북도 전주시 덕진구 팽나무1길 19,전라북도 전주시 덕진구 인후동1가 594-1,전라북도 전주시 덕진구청,063-270-6341,35.834964,127.150848,2018-02-20
휴먼시아경로당,전라북도 전주시 덕진구 인후1동,노인시설,2017-05-30,2017-09-30,96,24,2,1,N,Y,N,-,전라북도 전주시 덕진구 팽나무2길 7,전라북도 전주시 덕진구 인후동1가 1035-0,전라북도 전주시 덕진구청,063-270-6341,35.835431,127.152025,2018-02-20
인후문화의집,전라북도 전주시 덕진구 인후1동,기타,2017-05-30,2017-09-30,389,97,4,2,N,Y,N,-,전라북도 전주시 덕진구 견훤로 290,전라북도 전주시 덕진구 인후동1가 766-9,전라북도 전주시 덕진구청,063-270-6341,35.837402,127.156675,2018-02-20
인후1동주민자치센터,전라북도 전주시 덕진구 인후1동,주민센터,2017-05-30,2017-09-30,410,102,7,1,N,N,N,-,전라북도 전주시 덕진구 견훤로 290,전라북도 전주시 덕진구 인후동1가 766-9,전라북도 전주시 덕진구청,063-270-6341,35.837402,127.156675,2018-02-20
푸른경로당,전라북도 전주시 덕진구 진북동,노인시설,2017-05-30,2017-09-30,78,43,2,1,Y,Y,N,-,전라북도 전주시 덕진구 반촌1길 15,전라북도 전주시 덕진구 진북동 326-3,전라북도 전주시 덕진구청,063-270-6341,35.8307729,127.143121,2018-02-20
진북여자경로당,전라북도 전주시 덕진구 진북동,노인시설,2017-05-30,2017-09-30,99,35,1,1,Y,Y,N,-,전라북도 전주시 덕진구 도토리골2길 8,전라북도 전주시 덕진구 진북동 929-0,전라북도 전주시 덕진구청,063-270-6341,35.820548,127.133935,2018-02-20
진북남자경로당,전라북도 전주시 덕진구 진북동,노인시설,2017-05-30,2017-09-30,99,22,1,1,Y,Y,N,-,전라북도 전주시 덕진구 도토리골2길 8,전라북도 전주시 덕진구 진북동 929-0,전라북도 전주시 덕진구청,063-270-6341,35.820548,127.133935,2018-02-20
우성여자경로당,전라북도 전주시 덕진구 진북동,노인시설,2017-05-30,2017-09-30,110,64,2,1,Y,Y,N,-,전라북도 전주시 덕진구 태진로 101,전라북도 전주시 덕진구 진북동 416-0,전라북도 전주시 덕진구청,063-270-6341,35.8308486,127.134011,2018-02-20
우성남자경로당,전라북도 전주시 덕진구 진북동,노인시설,2017-05-30,2017-09-30,110,60,3,1,Y,Y,N,-,전라북도 전주시 덕진구 태진로 101,전라북도 전주시 덕진구 진북동 416-0,전라북도 전주시 덕진구청,063-270-6341,35.8308486,127.134011,2018-02-20
어은여자경로당,전라북도 전주시 덕진구 진북동,노인시설,2017-05-30,2017-09-30,193,44,2,1,Y,Y,N,-,전라북도 전주시 덕진구 전주천서로 355-6,전라북도 전주시 덕진구 진북동 975-15,전라북도 전주시 덕진구청,063-270-6341,35.823961,127.131076,2018-02-20
새동네경로당,전라북도 전주시 덕진구 진북동,노인시설,2017-05-30,2017-09-30,95,34,3,1,Y,Y,N,-,전라북도 전주시 덕진구 어은골1길 16-4,전라북도 전주시 덕진구 진북동 992-55,전라북도 전주시 덕진구청,063-270-6341,35.825302,127.129589,2018-02-20
비산여자경로당,전라북도 전주시 덕진구 진북동,노인시설,2017-05-30,2017-09-30,77,25,2,1,Y,Y,N,-,전라북도 전주시 덕진구 팔달로 339-42,전라북도 전주시 덕진구 진북동 390-12,전라북도 전주시 덕진구청,063-270-6341,35.831799,127.1368039,2018-02-20
비산남자경로당,전라북도 전주시 덕진구 진북동,노인시설,2017-05-30,2017-09-30,53,35,2,1,Y,Y,N,-,전라북도 전주시 덕진구 팔달로 339-42,전라북도 전주시 덕진구 진북동 390-12,전라북도 전주시 덕진구청,063-270-6341,35.831799,127.1368039,2018-02-20
무궁화여자경로당,전라북도 전주시 덕진구 진북동,노인시설,2017-05-30,2017-09-30,59,20,2,1,Y,Y,N,-,전라북도 전주시 덕진구 벚꽃2길 6,전라북도 전주시 덕진구 진북동 1031-5,전라북도 전주시 덕진구청,063-270-6341,35.827921,127.132704,2018-02-20
무궁화남자경로당,전라북도 전주시 덕진구 진북동,노인시설,2017-05-30,2017-09-30,55,30,3,1,Y,Y,N,-,전라북도 전주시 덕진구 벚꽃2길 6,전라북도 전주시 덕진구 진북동 1031-5,전라북도 전주시 덕진구청,063-270-6341,35.827921,127.132704,2018-02-20
동국해성여자경로당,전라북도 전주시 덕진구 진북동,노인시설,2017-05-30,2017-09-30,85,30,2,2,Y,Y,N,-,전라북도 전주시 덕진구 진북로 15,전라북도 전주시 덕진구 진북동 1034-1,전라북도 전주시 덕진구청,063-270-6341,35.826583,127.1334449,2018-02-20
동국해성남자경로당,전라북도 전주시 덕진구 진북동,노인시설,2017-05-30,2017-09-30,59,81,2,1,Y,Y,N,-,전라북도 전주시 덕진구 진북로 15,전라북도 전주시 덕진구 진북동 1034-1,전라북도 전주시 덕진구청,063-270-6341,35.826583,127.1334449,2018-02-20
건산천경로당,전라북도 전주시 덕진구 진북동,노인시설,2017-05-30,2017-09-30,51,45,1,1,Y,Y,N,-,전라북도 전주시 덕진구 건산1길 21-3,전라북도 전주시 덕진구 진북동 339-6,전라북도 전주시 덕진구청,063-270-6341,35.831867,127.142578,2018-02-20
거성고속2차아파트경로당,전라북도 전주시 덕진구 진북동,노인시설,2017-05-30,2017-09-30,48,87,1,1,Y,Y,N,-,전라북도 전주시 덕진구 숲정이5길 77,전라북도 전주시 덕진구 진북동 1166-1,전라북도 전주시 덕진구청,063-270-6341,35.833429,127.127895,2018-02-20
거성고속1차아파트경로당,전라북도 전주시 덕진구 진북동,노인시설,2017-05-30,2017-09-30,21,47,2,2,Y,Y,N,-,전라북도 전주시 덕진구 전주천동로 453,전라북도 전주시 덕진구 진북동 1168-2,전라북도 전주시 덕진구청,063-270-6341,35.833458,127.126877,2018-02-20
진북동주민자치센터,전라북도 전주시 덕진구 진북동,복지회관,2017-05-30,2017-09-30,484,121,5,2,Y,Y,N,-,전라북도 전주시 덕진구 벚꽃1길 8,전라북도 전주시 덕진구 진북동 1042-4,전라북도 전주시 덕진구청,063-270-6341,35.827867,127.131443,2018-02-20
남양대명경로당,전라북도 전주시 완산구 서신동,노인시설,2017-05-30,2017-09-30,110,27,1,1,N,Y,N,-,"전라북도 전주시 완산구 당산로 55(서신동,남양대명아파트)",전라북도 전주시 완산구 서신동 764-1,전라북도 전주시 완산구청,063-220-5156,35.832946,127.1148526,2018-02-20
그린공원경로당,전라북도 전주시 완산구 서신동,노인시설,2017-05-30,2017-09-30,99,24,3,1,N,Y,N,-,전라북도 전주시 완산구 당산로 56(서신동),전라북도 전주시 완산구 서신동 795-0,전라북도 전주시 완산구청,063-220-5156,35.831565,127.114557,2018-02-20
광진장미경로당,전라북도 전주시 완산구 서신동,노인시설,2017-05-30,2017-09-30,73,18,2,1,N,Y,N,-,"전라북도 전주시 완산구 새터로 60(서신동,광진장미아파트)",전라북도 전주시 완산구 서신동 962-1,전라북도 전주시 완산구청,063-220-5156,35.834825,127.113026,2018-02-20
광진선수촌경로당,전라북도 전주시 완산구 서신동,노인시설,2017-05-30,2017-09-30,60,15,2,1,N,Y,N,-,"전라북도 전주시 완산구 서신로 102(서신동,광진선수촌아파트)",전라북도 전주시 완산구 서신동 965-2,전라북도 전주시 완산구청,063-220-5156,35.834738,127.117034,2018-02-20
광진경로당,전라북도 전주시 완산구 서신동,노인시설,2017-05-30,2017-09-30,102,25,4,2,N,Y,N,-,"전라북도 전주시 완산구 온고을로 121(서신동,광진아파트)",전라북도 전주시 완산구 서신동 761-1,전라북도 전주시 완산구청,063-220-5156,35.8336988,127.108181,2018-02-20
흑석경로당,전라북도 전주시 완산구 서서학동,노인시설,2017-05-30,2017-09-30,72,35,2,1,N,N,N,-,전라북도 전주시 완산구 흑석로 73,전라북도 전주시 완산구 서서학동 986-11,전라북도 전주시 완산구청,063-220-5156,35.797614,127.149772,2018-02-20
예그린경로당,전라북도 전주시 완산구 서서학동,노인시설,2017-05-30,2017-09-30,33,25,3,1,N,N,N,-,전라북도 전주시 완산구 팔달로 11,전라북도 전주시 완산구 서서학동 112-3,전라북도 전주시 완산구청,063-220-5156,35.804558,127.147695,2018-02-20
영창맨션경로당,전라북도 전주시 완산구 서서학동,노인시설,2017-05-30,2017-09-30,33,25,1,1,N,N,N,-,전라북도 전주시 완산구 장승배기8길 13,전라북도 전주시 완산구 서서학동 369-9,전라북도 전주시 완산구청,063-220-5156,35.802963,127.1464705,2018-02-20
영창경로당,전라북도 전주시 완산구 서서학동,노인시설,2017-05-30,2017-09-30,39,29,3,1,N,N,N,-,전라북도 전주시 완산구 장승배기8길 17,전라북도 전주시 완산구 서서학동 369-9,전라북도 전주시 완산구청,063-220-5156,35.803474,127.146103,2018-02-20
삼우경로당,전라북도 전주시 완산구 서서학동,노인시설,2017-05-30,2017-09-30,33,20,2,1,N,N,N,-,전라북도 전주시 완산구 장승배기4길 8,전라북도 전주시 완산구 서서학동 372-50,전라북도 전주시 완산구청,063-220-5156,35.800559,127.144242,2018-02-20
삼성맨션경로당,전라북도 전주시 완산구 서서학동,노인시설,2017-05-30,2017-09-30,29,20,1,1,N,N,N,-,전라북도 전주시 완산구 장승배기7길 18,전라북도 전주시 완산구 서서학동 21-1,전라북도 전주시 완산구청,063-220-5156,35.802765,127.145247,2018-02-20
서서학동 주민센터,전라북도 전주시 완산구 서서학동,주민센터,2017-05-30,2017-09-30,343,25,4,2,N,N,N,-,전라북도 전주시 완산구 공수내로 24,전라북도 전주시 완산구 서서학동 23-8,전라북도 전주시 완산구청,063-220-5156,35.805728,127.1487117,2018-02-20
원중인경로당,전라북도 전주시 완산구 삼천3동,노인시설,2017-05-30,2017-09-30,98,30,1,1,N,Y,N,-,전라북도 전주시 완산구 중인1길 138-28,전라북도 전주시 완산구 중인동 763-3,전라북도 전주시 완산구청,063-220-5156,35.766883,127.091088,2018-02-20
월선경로당,전라북도 전주시 완산구 삼천3동,노인시설,2017-05-30,2017-09-30,106,30,1,1,N,Y,N,-,전라북도 전주시 완산구 월선길 11,전라북도 전주시 완산구 삼천동3가 495-11,전라북도 전주시 완산구청,063-220-5156,35.795605,127.081247,2018-02-20
우목경로당,전라북도 전주시 완산구 삼천3동,노인시설,2017-05-30,2017-09-30,97,30,1,1,N,Y,N,-,전라북도 전주시 완산구 우목길 77,전라북도 전주시 완산구 삼천동2가 685-0,전라북도 전주시 완산구청,063-220-5156,35.778681,127.093487,2018-02-20
호동경로당,전라북도 전주시 완산구 삼천3동,노인시설,2017-05-30,2017-09-30,99,30,1,1,N,Y,N,-,전라북도 전주시 완산구 호동길 59,전라북도 전주시 완산구 삼천동3가 585-5,전라북도 전주시 완산구청,063-220-5156,35.789638,127.081194,2018-02-20
용산경로당,전라북도 전주시 완산구 삼천3동,노인시설,2017-05-30,2017-09-30,93,35,1,1,N,Y,N,-,전라북도 전주시 완산구 용산마을길 42,전라북도 전주시 완산구 삼천동2가 119-1,전라북도 전주시 완산구청,063-220-5156,35.793394,127.102291,2018-02-20
삼천3동 주민센터,전라북도 전주시 완산구 삼천3동,주민센터,2017-05-30,2017-09-30,234,30,1,1,N,N,N,-,전라북도 전주시 완산구 삼천천변2길 37,전라북도 전주시 완산구 삼천동1가 287-21,전라북도 전주시 완산구청,063-220-5156,35.796845,127.114289,2018-02-20
황소경로당,전라북도 전주시 완산구 삼천3동,노인시설,2017-05-30,2017-09-30,136,30,1,1,N,Y,N,-,전라북도 전주시 완산구 우림로 798-8,전라북도 전주시 완산구 중인동 1497-1,전라북도 전주시 완산구청,063-220-5156,35.769512,127.082421,2018-02-20
하봉경로당,전라북도 전주시 완산구 삼천3동,노인시설,2017-05-30,2017-09-30,62,30,1,1,N,Y,N,-,전라북도 전주시 완산구 중인3길 34-12,전라북도 전주시 완산구 중인동 863-0,전라북도 전주시 완산구청,063-220-5156,35.764748,127.093601,2018-02-20
안산경로당,전라북도 전주시 완산구 삼천3동,노인시설,2017-05-30,2017-09-30,110,30,1,1,N,Y,N,-,전라북도 전주시 완산구 삼산길 42-4,전라북도 전주시 완산구 삼천동3가 407-11,전라북도 전주시 완산구청,063-220-5156,35.800484,127.079277,2018-02-20
중인경로당,전라북도 전주시 완산구 삼천3동,노인시설,2017-05-30,2017-09-30,77,30,1,1,N,Y,N,-,전라북도 전주시 완산구 중인2길 4,전라북도 전주시 완산구 중인동 883-4,전라북도 전주시 완산구청,063-220-5156,35.765263,127.092633,2018-02-20
라이프경로당,전라북도 전주시 덕진구 송천2동,노인시설,2017-05-30,2017-09-30,125,31,2,1,N,Y,N,-,전라북도 전주시 덕진구 송천2길 25,전라북도 전주시 덕진구 송천동1가 417-0,전라북도 전주시 덕진구청,063-270-6341,35.859049,127.118746,2018-02-20
덕진구청,전라북도 전주시 덕진구 진북동,기타,2017-05-30,2017-09-30,12558,50,1,1,Y,Y,N,-,전라북도 전주시 덕진구 벚꽃로 55,전라북도 전주시 덕진구 진북동 416-12,전라북도 전주시 덕진구청,063-270-6341,35.829347,127.134326,2018-02-20
대명궁궐경로당,전라북도 전주시 덕진구 송천2동,노인시설,2017-05-30,2017-09-30,73,18,1,1,N,Y,N,-,전라북도 전주시 덕진구 시천로 43,전라북도 전주시 덕진구 송천동2가 530-3,전라북도 전주시 덕진구청,063-270-6341,35.862863,127.113943,2018-02-20
송천2동주민자치센터,전라북도 전주시 덕진구 송천2동,주민센터,2017-05-30,2017-09-30,1486,371,6,4,N,N,N,-,전라북도 전주시 덕진구 두간9길 6,전라북도 전주시 덕진구 송천동1가 829-1,전라북도 전주시 덕진구청,063-270-6341,35.8648951,127.115593,2018-02-20
진조경로당,전라북도 전주시 덕진구 송천2동,노인시설,2017-05-30,2017-09-30,58,14,1,1,Y,Y,N,-,전라북도 전주시 덕진구 진조리길 81,전라북도 전주시 덕진구 전미동1가 785-1,전라북도 전주시 덕진구청,063-270-6341,35.896014,127.117916,2018-02-20
주정경로당,전라북도 전주시 덕진구 송천2동,노인시설,2017-05-30,2017-09-30,84,21,3,1,N,Y,N,-,전라북도 전주시 덕진구 주정리길 22,전라북도 전주시 덕진구 전미동2가 799-0,전라북도 전주시 덕진구청,063-270-6341,35.887751,127.103543,2018-02-20
진기경로당,전라북도 전주시 덕진구 송천2동,노인시설,2017-05-30,2017-09-30,82,20,3,1,N,Y,N,-,전라북도 전주시 덕진구 진기길 47,전라북도 전주시 덕진구 전미동2가 1277-2,전라북도 전주시 덕진구청,063-270-6341,35.889308,127.094742,2018-02-20
은평경로당,전라북도 전주시 덕진구 송천2동,노인시설,2017-05-30,2017-09-30,87,21,3,1,N,Y,N,-,전라북도 전주시 덕진구 은평길 31,전라북도 전주시 덕진구 전미동1가 856-1,전라북도 전주시 덕진구청,063-270-6341,35.898203,127.122599,2018-02-20
경모경로당,전라북도 전주시 덕진구 송천2동,노인시설,2017-05-30,2017-09-30,98,24,1,1,N,Y,N,-,전라북도 전주시 덕진구 전미월평6길 12-2,전라북도 전주시 덕진구 전미동2가 549-16,전라북도 전주시 덕진구청,063-270-6341,35.882282,127.103815,2018-02-20
미산경로당,전라북도 전주시 덕진구 송천2동,노인시설,2017-05-30,2017-09-30,124,31,2,1,N,Y,N,-,전라북도 전주시 덕진구 숨멀길 6,전라북도 전주시 덕진구 전미동2가 843-7,전라북도 전주시 덕진구청,063-270-6341,35.890213,127.104899,2018-02-20
전당경로당,전라북도 전주시 덕진구 송천2동,노인시설,2017-05-30,2017-09-30,133,33,3,2,N,Y,N,-,전라북도 전주시 덕진구 전당길 39,전라북도 전주시 덕진구 전미동1가 486-7,전라북도 전주시 덕진구청,063-270-6341,35.889827,127.124697,2018-02-20
기안경로당,전라북도 전주시 덕진구 송천2동,노인시설,2017-05-30,2017-09-30,114,28,2,2,N,Y,N,-,전라북도 전주시 덕진구 전미월평1길 45-2,전라북도 전주시 덕진구 전미동2가 546-2,전라북도 전주시 덕진구청,063-270-6341,35.881444,127.104954,2018-02-20
롯데경로당,전라북도 전주시 덕진구 송천2동,노인시설,2017-05-30,2017-09-30,33,20,2,1,N,Y,N,-,전라북도 전주시 덕진구 와룡2길 14,전라북도 전주시 덕진구 송천동2가 561-1,전라북도 전주시 덕진구청,063-270-6341,35.8671026,127.112622,2018-02-20
현대2차아파트경로당,전라북도 전주시 덕진구 송천1동,노인시설,2017-05-30,2017-09-30,150,37,5,2,N,Y,N,-,전라북도 전주시 덕진구 솔내로 124,전라북도 전주시 덕진구 송천동1가 141-0,전라북도 전주시 덕진구청,063-270-6341,35.861261,127.127912,2018-02-20
현대3차아파트경로당,전라북도 전주시 덕진구 송천1동,노인시설,2017-05-30,2017-09-30,177,44,1,1,N,Y,N,-,전라북도 전주시 덕진구 사근1길 11,전라북도 전주시 덕진구 송천동2가 175-44,전라북도 전주시 덕진구청,063-270-6341,35.867853,127.128393,2018-02-20
우림경로당,전라북도 전주시 덕진구 송천1동,노인시설,2017-05-30,2017-09-30,65,16,1,1,N,Y,N,-,전라북도 전주시 덕진구 솔내9길 7,전라북도 전주시 덕진구 송천동1가 117-0,전라북도 전주시 덕진구청,063-270-6341,35.861623,127.125538,2018-02-20
광진한솔아파트경로당,전라북도 전주시 덕진구 송천1동,노인시설,2017-05-30,2017-09-30,44,11,1,1,N,Y,N,-,전라북도 전주시 덕진구 솔내8길 25,전라북도 전주시 덕진구 송천동1가 108-0,전라북도 전주시 덕진구청,063-270-6341,35.861435,127.1243279,2018-02-20
송천여자경로당,전라북도 전주시 덕진구 송천1동,노인시설,2017-05-30,2017-09-30,45,11,1,1,N,Y,N,-,전라북도 전주시 덕진구 송천중앙로 100-5,전라북도 전주시 덕진구 송천동1가 391-23,전라북도 전주시 덕진구청,063-270-6341,35.855813,127.121052,2018-02-20
송천1동주민자치센터,전라북도 전주시 덕진구 송천1동,주민센터,2017-05-30,2017-09-30,341,40,12,2,N,N,N,-,전라북도 전주시 덕진구 송천중앙로 116,전라북도 전주시 덕진구 송천동1가 395-28,전라북도 전주시 덕진구청,063-270-6341,35.857074,127.121005,2018-02-20
영창아파트경로당,전라북도 전주시 덕진구 송천1동,노인시설,2017-05-30,2017-09-30,33,16,1,1,N,N,N,-,전라북도 전주시 덕진구 솔내1길 78,전라북도 전주시 덕진구 송천동1가 179-28,전라북도 전주시 덕진구청,063-270-6341,35.857187,127.125377,2018-02-20
신일아파트경로당,전라북도 전주시 덕진구 송천1동,노인시설,2017-05-30,2017-09-30,96,24,1,1,N,Y,N,-,전라북도 전주시 덕진구 솔내로 142,전라북도 전주시 덕진구 송천동1가 101-3,전라북도 전주시 덕진구청,063-270-6341,35.862406,127.127921,2018-02-20
신동비사벌아파트경로당,전라북도 전주시 덕진구 송천1동,노인시설,2017-05-30,2017-09-30,49,12,1,1,N,Y,N,-,전라북도 전주시 덕진구 붓내1길 9,전라북도 전주시 덕진구 송천동2가 197-2,전라북도 전주시 덕진구청,063-270-6341,35.865281,127.122918,2018-02-20
송천아이파크5단지경로당,전라북도 전주시 덕진구 송천1동,노인시설,2017-05-30,2017-09-30,105,26,1,1,N,Y,N,-,전라북도 전주시 덕진구 오송로 45,전라북도 전주시 덕진구 송천동1가 870-0,전라북도 전주시 덕진구청,063-270-6341,35.861789,127.129833,2018-02-20
호성더블파크3단지경로당,전라북도 전주시 덕진구 호성동,노인시설,2017-05-30,2017-09-30,107,26,2,2,N,Y,N,-,전라북도 전주시 덕진구 호성로 170,전라북도 전주시 덕진구 호성동2가 634-0,전라북도 전주시 덕진구청,063-270-6341,35.865687,127.145569,2018-02-20
혁신호반베르디움1차,전라북도 전주시 완산구 효자4동,노인시설,2017-05-30,2017-09-30,155,25,4,4,N,N,N,-,전라북도 전주시 완산구 오공로 71(중동),전라북도 전주시 완산구 중동 789-0,전라북도 전주시 완산구청,063-220-5156,35.837248,127.062869,2018-02-20
혁신도시 민원센터,전라북도 전주시 완산구 효자4동,주민센터,2017-05-30,2017-09-30,101,20,0,2,N,N,N,-,전라북도 전주시 완산구 오정2길 7(중동),전라북도 전주시 완산구 중동 785-4,전라북도 전주시 완산구청,063-220-5156,35.835388,127.061341,2018-02-20
우미 린경로당,전라북도 전주시 완산구 효자4동,노인시설,2017-05-30,2017-09-30,120,27,2,1,N,N,N,-,전라북도 전주시 완산구 유연로 217,전라북도 전주시 완산구 효자동3가 1524-2,전라북도 전주시 완산구청,063-220-5156,35.826178,127.107589,2018-02-20
서곡주공경로당,전라북도 전주시 완산구 효자4동,노인시설,2017-05-30,2017-09-30,83,25,2,2,N,N,N,-,전라북도 전주시 완산구 서곡로 8,전라북도 전주시 완산구 효자동3가 1482-1,전라북도 전주시 완산구청,063-220-5156,35.831329,127.096198,2018-02-20
서곡두산경로당,전라북도 전주시 완산구 효자4동,노인시설,2017-05-30,2017-09-30,55,30,4,2,N,N,N,-,전라북도 전주시 완산구 서곡로 22,전라북도 전주시 완산구 효자동3가 1483-2,전라북도 전주시 완산구청,063-220-5156,35.830785,127.098096,2018-02-20
효자 청소년문화의집,전라북도 전주시 완산구 효자4동,기타,2017-05-30,2017-09-30,966,200,20,7,N,N,N,-,전라북도 전주시 완산구 우전2길 20,전라북도 전주시 완산구 효자동2가 205-2,전라북도 전주시 완산구청,063-220-5156,35.806254,127.108111,2018-02-20
효자4동 주민센터,전라북도 전주시 완산구 효자4동,주민센터,2017-05-30,2017-09-30,990,200,10,4,N,N,N,-,전라북도 전주시 완산구 우전로 259,전라북도 전주시 완산구 효자동2가 1233-1,전라북도 전주시 완산구청,063-220-5156,35.817678,127.101487,2018-02-20
일심경로당,전라북도 전주시 완산구 효자4동,노인시설,2017-05-30,2017-09-30,98,35,2,2,N,N,N,-,전라북도 전주시 완산구 용호로 20,전라북도 전주시 완산구 효자동2가 1201-2,전라북도 전주시 완산구청,063-220-5156,35.808078,127.101341,2018-02-20
효림경로당,전라북도 전주시 완산구 효자4동,노인시설,2017-05-30,2017-09-30,104,45,4,2,N,N,N,-,전라북도 전주시 완산구 호암로 2,전라북도 전주시 완산구 효자동2가 1191-1,전라북도 전주시 완산구청,063-220-5156,35.808161,127.096814,2018-02-20
청솔경로당,전라북도 전주시 완산구 효자4동,노인시설,2017-05-30,2017-09-30,82,30,3,1,N,N,N,-,전라북도 전주시 완산구 서곡로 34,전라북도 전주시 완산구 효자동3가 1483-1,전라북도 전주시 완산구청,063-220-5156,35.8318541,127.099513,2018-02-20
호암기령경로당,전라북도 전주시 완산구 효자4동,노인시설,2017-05-30,2017-09-30,99,30,2,1,N,N,N,-,전라북도 전주시 완산구 우전2길 62,전라북도 전주시 완산구  효자동2가 93-6,전라북도 전주시 완산구청,063-220-5156,35.803487,127.100917,2018-02-20
한강아파트경로당,전라북도 전주시 완산구 효자3동,노인시설,2017-05-30,2017-09-30,120,40,3,2,Y,Y,N,-,전라북도 전주시 완산구 강변로 120,전라북도 전주시 완산구 효자동1가 660-1,전라북도 전주시 완산구청,063-220-5156,35.801804,127.113316,2018-02-20
상산타운경로당,전라북도 전주시 완산구 효자3동,노인시설,2017-05-30,2017-09-30,123,50,2,2,Y,Y,N,-,전라북도 전주시 완산구 거마평로 125,전라북도 전주시 완산구 효자동1가 652-0,전라북도 전주시 완산구청,063-220-5156,35.803394,127.115035,2018-02-20
롯데1차아파트경로당,전라북도 전주시 완산구 효자3동,노인시설,2017-05-30,2017-09-30,85,80,3,4,Y,Y,N,-,전라북도 전주시 완산구 용머리로 29,전라북도 전주시 완산구 효자동1가 414-0,전라북도 전주시 완산구청,063-220-5156,35.807458,127.112556,2018-02-20
효자3동 주민센터,전라북도 전주시 완산구 효자3동,주민센터,2017-05-30,2017-09-30,416,50,5,5,N,N,N,-,전라북도 전주시 완산구 강변로 180,전라북도 전주시 완산구 효자동1가 408-9,전라북도 전주시 완산구청,063-220-5156,35.806585,127.110309,2018-02-20
양지노인복지관,전라북도 전주시 완산구 효자2동,복지회관,2017-05-30,2017-09-30,3291,150,100,1,N,N,N,-,전라북도 전주시 완산구 성지산로 55,전라북도 전주시 완산구 효자동1가 567-1,전라북도 전주시 완산구청,063-220-5156,35.802085,127.123481,2018-02-20
한양운남경로당,전라북도 전주시 완산구 효자2동,노인시설,2017-05-30,2017-09-30,39,10,2,1,N,N,N,-,전라북도 전주시 완산구 신봉로 71,전라북도 전주시 완산구 효자동1가 635-1,전라북도 전주시 완산구청,063-220-5156,35.809855,127.122256,2018-02-20
완산구청,전라북도 전주시 완산구 효자2동,기타,2017-05-30,2017-09-30,488,122,15,5,N,N,N,-,전라북도 전주시 완산구 서원로 232,전라북도 전주시 완산구 효자동1가 595-0,전라북도 전주시 완산구청,063-220-5156,35.812126,127.119785,2018-02-20
효자2동 주민센터,전라북도 전주시 완산구 효자2동,주민센터,2017-05-30,2017-09-30,308,77,6,3,N,N,N,-,전라북도 전주시 완산구 오두정1길 1,전라북도 전주시 완산구 효자동1가 296-36,전라북도 전주시 완산구청,063-220-5156,35.806878,127.1195137,2018-02-20
장승경로당,전라북도 전주시 완산구 효자2동,노인시설,2017-05-30,2017-09-30,132,33,7,2,N,N,N,-,전라북도 전주시 완산구 밤나무2길 19-13,전라북도 전주시 완산구 효자동1가 327-0,전라북도 전주시 완산구청,063-220-5156,35.808798,127.118195,2018-02-20
남양황제경로당,전라북도 전주시 완산구 효자2동,노인시설,2017-05-30,2017-09-30,39,10,3,2,N,N,N,-,전라북도 전주시 완산구 백제대로 159,전라북도 전주시 완산구 효자동1가 637-0,전라북도 전주시 완산구청,063-220-5156,35.807187,127.122274,2018-02-20
효자경로당,전라북도 전주시 완산구 효자2동,노인시설,2017-05-30,2017-09-30,61,15,4,2,N,N,N,-,전라북도 전주시 완산구 송정로 15,전라북도 전주시 완산구 효자동1가 576-4,전라북도 전주시 완산구청,063-220-5156,35.8023863,127.118321,2018-02-20
두일하나경로당,전라북도 전주시 완산구 삼천2동,노인시설,2017-05-30,2017-09-30,50,25,2,1,N,Y,N,-,전라북도 전주시 완산구 장승배기로 50,전라북도 전주시 완산구 삼천동1가 306-8,전라북도 전주시 완산구청,063-220-5156,35.7918347,127.119796,2018-02-20
쌍용3단지경로당,전라북도 전주시 완산구 삼천2동,노인시설,2017-05-30,2017-09-30,80,32,2,1,N,Y,N,-,전라북도 전주시 완산구 용리로 178,전라북도 전주시 완산구 삼천동1가 705-3,전라북도 전주시 완산구청,063-220-5156,35.798022,127.128592,2018-02-20
다솜경로당,전라북도 전주시 완산구 삼천2동,노인시설,2017-05-30,2017-09-30,217,31,2,2,N,Y,N,-,전라북도 전주시 완산구 하거마2길 44-8,전라북도 전주시 완산구 삼천동1가 670-11,전라북도 전주시 완산구청,063-220-5156,35.793739,127.117278,2018-02-20
삼락경로당,전라북도 전주시 완산구 삼천2동,노인시설,2017-05-30,2017-09-30,142,35,2,2,N,Y,N,-,전라북도 전주시 완산구 거마산3길 10,전라북도 전주시 완산구 삼천동1가 636-0,전라북도 전주시 완산구청,063-220-5156,35.796108,127.124643,2018-02-20
오성대우경로당,전라북도 전주시 완산구 삼천2동,노인시설,2017-05-30,2017-09-30,43,25,2,1,N,Y,N,-,전라북도 전주시 완산구 솟대로 24,전라북도 전주시 완산구 삼천동1가 705-0,전라북도 전주시 완산구청,063-220-5156,35.796375,127.126464,2018-02-20
우성기령경로당,전라북도 전주시 완산구 삼천2동,노인시설,2017-05-30,2017-09-30,105,45,4,2,N,Y,N,-,전라북도 전주시 완산구 백제대로 13,전라북도 전주시 완산구 삼천동1가 705-5,전라북도 전주시 완산구청,063-220-5156,35.795962,127.130496,2018-02-20
수심당경로당,전라북도 전주시 완산구 삼천2동,노인시설,2017-05-30,2017-09-30,35,28,2,1,N,Y,N,-,전라북도 전주시 완산구 장승배기로 145,전라북도 전주시 완산구 삼천동1가 705-6,전라북도 전주시 완산구청,063-220-5156,35.7955104,127.119796,2018-02-20
거마경로당,전라북도 전주시 완산구 삼천2동,노인시설,2017-05-30,2017-09-30,122,29,2,2,N,Y,N,-,전라북도 전주시 완산구 거마남로 41,전라북도 전주시 완산구 삼천동1가 659-0,전라북도 전주시 완산구청,063-220-5156,35.794896,127.121436,2018-02-20
삼천2동주민센터,전라북도 전주시 완산구 삼천2동,주민센터,2017-05-30,2017-09-30,876,200,15,2,N,N,N,-,전라북도 전주시 완산구 거마중앙로 49,전라북도 전주시 완산구 삼천동1가 633-0,전라북도 전주시 완산구청,063-220-5156,35.796327,127.122338,2018-02-20
개나리경로당,전라북도 전주시 완산구 삼천2동,노인시설,2017-05-30,2017-09-30,49,26,2,1,N,Y,N,-,전라북도 전주시 완산구 용리로 162,전라북도 전주시 완산구 삼천동1가 705-1,전라북도 전주시 완산구청,063-220-5156,35.796752,127.127467,2018-02-20
신일모악경로당,전라북도 전주시 완산구 삼천2동,노인시설,2017-05-30,2017-09-30,32,32,2,1,N,Y,N,-,전라북도 전주시 완산구 백제대로 31,전라북도 전주시 완산구 삼천동1가 705-4,전라북도 전주시 완산구청,063-220-5156,35.797323,127.129197,2018-02-20
우성그린경로당,전라북도 전주시 완산구 삼천2동,노인시설,2017-05-30,2017-09-30,74,24,3,2,N,Y,N,-,전라북도 전주시 완산구 솟대로 10,전라북도 전주시 완산구 삼천동1가 705-7,전라북도 전주시 완산구청,063-220-5156,35.795171,127.127064,2018-02-20
이안전주삼천경로당,전라북도 전주시 완산구 삼천2동,노인시설,2017-05-30,2017-09-30,65,16,4,3,N,Y,N,-,전라북도 전주시 완산구 용리로 165,전라북도 전주시 완산구 삼천동1가 772,전라북도 전주시 완산구청,063-220-5156,35.799612,127.124646,2018-02-20
양지 경로당,전라북도 전주시 완산구 삼천1동,노인시설,2017-05-30,2017-09-30,93,23,4,1,N,Y,N,-,전라북도 전주시 완산구 성지산로 39-11,전라북도 전주시 완산구 삼천동1가 150-22,전라북도 전주시 완산구청,063-220-5156,35.801317,127.121973,2018-02-20
안행현대 경로당,전라북도 전주시 완산구 삼천1동,노인시설,2017-05-30,2017-09-30,44,11,2,2,N,Y,N,-,전라북도 전주시 완산구 안행2길 14,전라북도 전주시 완산구 삼천동1가 740-3,전라북도 전주시 완산구청,063-220-5156,35.801459,127.130259,2018-02-20
삼천쌍용2단지 경로당,전라북도 전주시 완산구 삼천1동,노인시설,2017-05-30,2017-09-30,90,22,2,1,N,Y,N,-,전라북도 전주시 완산구 성지산로 36,전라북도 전주시 완산구 삼천동1가 585-2,전라북도 전주시 완산구청,063-220-5156,35.799664,127.123917,2018-02-20
삼천쌍용1단지 경로당,전라북도 전주시 완산구 삼천1동,노인시설,2017-05-30,2017-09-30,67,16,3,2,N,Y,N,-,전라북도 전주시 완산구 백제대로 85,전라북도 전주시 완산구 삼천동1가 585-5,전라북도 전주시 완산구청,063-220-5156,35.800694,127.125421,2018-02-20
세경 경로당,전라북도 전주시 완산구 삼천1동,노인시설,2017-05-30,2017-09-30,83,20,2,1,N,Y,N,-,전라북도 전주시 완산구 성지산로 30,전라북도 전주시 완산구 삼천동1가 585-3,전라북도 전주시 완산구청,063-220-5156,35.799186,127.1226071,2018-02-20
세창짜임 경로당,전라북도 전주시 완산구 삼천1동,노인시설,2017-05-30,2017-09-30,67,16,3,2,N,Y,N,-,전라북도 전주시 완산구 용리로 179,전라북도 전주시 완산구 삼천동1가 585-10,전라북도 전주시 완산구청,063-220-5156,35.799571,127.127281,2018-02-20
삼천주공3단지 경로당,전라북도 전주시 완산구 삼천1동,노인시설,2017-05-30,2017-09-30,77,19,2,1,N,Y,N,-,전라북도 전주시 완산구 용리로 157,전라북도 전주시 완산구 삼천동1가 585-4,전라북도 전주시 완산구청,063-220-5156,35.798147,127.124774,2018-02-20
삼익 경로당,전라북도 전주시 완산구 삼천1동,노인시설,2017-05-30,2017-09-30,36,9,2,1,N,Y,N,-,전라북도 전주시 완산구 용리로 133,전라북도 전주시 완산구 삼천동1가 706-0,전라북도 전주시 완산구청,063-220-5156,35.7975702,127.124359,2018-02-20
금호청솔 경로당,전라북도 전주시 완산구 삼천1동,노인시설,2017-05-30,2017-09-30,94,23,4,2,N,Y,N,-,전라북도 전주시 완산구 안행5길 11,전라북도 전주시 완산구 삼천동1가 740-1,전라북도 전주시 완산구청,063-220-5156,35.801918,127.131404,2018-02-20
광진목화 경로당,전라북도 전주시 완산구 삼천1동,노인시설,2017-05-30,2017-09-30,64,16,5,1,N,Y,N,-,전라북도 전주시 완산구 성지산로 62,전라북도 전주시 완산구 삼천동1가 585-0,전라북도 전주시 완산구청,063-220-5156,35.801435,127.124561,2018-02-20
광진공작 경로당,전라북도 전주시 완산구 삼천1동,노인시설,2017-05-30,2017-09-30,33,8,2,2,N,Y,N,-,전라북도 전주시 완산구 백제대로 86,전라북도 전주시 완산구 삼천동1가 138-6,전라북도 전주시 완산구청,063-220-5156,35.801789,127.127378,2018-02-20
삼천1동 주민센터,전라북도 전주시 완산구 삼천1동,주민센터,2017-05-30,2017-09-30,198,18,14,6,N,N,N,-,전라북도 전주시 완산구 성지산로 33,전라북도 전주시 완산구 삼천동1가 573-2,전라북도 전주시 완산구청,063-220-5156,35.800765,127.121592,2018-02-20
산성송유경로당,전라북도 전주시 완산구 동서학동,노인시설,2017-05-30,2017-09-30,72,30,2,1,N,Y,N,-,전라북도 전주시 완산구 남고산성 1길 33-9,전라북도 전주시 완산구 동서학동 831-6,전라북도 전주시 완산구청,063-220-5156,35.804675,127.156678,2018-02-20
대성(객사) 경로당,전라북도 전주시 완산구 동서학동,노인시설,2017-05-30,2017-09-30,95,30,4,1,N,Y,N,-,전라북도 전주시 완산구 고덕산1길 46-48,전라북도 전주시 완산구 대성동 181-9,전라북도 전주시 완산구청,063-220-5156,35.794868,127.177414,2018-02-20
원당경로당,전라북도 전주시 완산구 동서학동,노인시설,2017-05-30,2017-09-30,74,30,4,1,N,Y,N,-,전라북도 전주시 완산구 내원당길 16,전라북도 전주시 완산구 대성동 395-1,전라북도 전주시 완산구청,063-220-5156,35.799417,127.170431,2018-02-20
동서학동 주민센터,전라북도 전주시 완산구 동서학동,주민센터,2017-05-30,2017-09-30,115,30,5,1,N,N,N,-,전라북도 전주시 완산구 서학로 26,전라북도 전주시 완산구 동서학동 150-0,전라북도 전주시 완산구청,063-220-5156,35.809475,127.152235,2018-02-20
토월경로당,전라북도 전주시 완산구 노송동,노인시설,2017-05-30,2017-09-30,186,35,2,1,N,Y,N,-,전라북도 전주시 완산구 관선1길 48-7,전라북도 전주시 완산구 남노송동 156-15,전라북도 전주시 완산구청,063-220-5156,35.819304,127.1568301,2018-02-20
중앙경로당,전라북도 전주시 완산구 노송동,노인시설,2017-05-30,2017-09-30,64,23,4,1,N,Y,N,-,전라북도 전주시 완산구 관선3길 17-4,전라북도 전주시 완산구 남노송동 517-71,전라북도 전주시 완산구청,063-220-5156,35.821139,127.154877,2018-02-20
전주노송경로당,전라북도 전주시 완산구 노송동,노인시설,2017-05-30,2017-09-30,98,30,2,1,N,Y,N,-,전라북도 전주시 완산구 관선4길 2-9,전라북도 전주시 완산구 남노송동 509-146,전라북도 전주시 완산구청,063-220-5156,35.822514,127.154332,2018-02-20
수영경로당,전라북도 전주시 완산구 노송동,노인시설,2017-05-30,2017-09-30,62,37,1,1,N,N,N,-,전라북도 전주시 완산구 물왕멀3길 19-22,전라북도 전주시 완산구 서노송동 740-34,전라북도 전주시 완산구청,063-220-5156,35.828348,127.147065,2018-02-20
송월경로당,전라북도 전주시 완산구 노송동,노인시설,2017-05-30,2017-09-30,71,59,5,1,N,N,N,-,전라북도 전주시 완산구 물왕멀2길 26-7,전라북도 전주시 완산구 중노송동 717-0,전라북도 전주시 완산구청,063-220-5156,35.8272349,127.149677,2018-02-20
남산경로당,전라북도 전주시 완산구 노송동,노인시설,2017-05-30,2017-09-30,99,41,2,1,N,Y,N,-,전라북도 전주시 완산구 마당재4길 7,전라북도 전주시 완산구 중노송동 204-4,전라북도 전주시 완산구청,063-220-5156,35.823435,127.160962,2018-02-20
기린봉아파트경로당,전라북도 전주시 완산구 노송동,노인시설,2017-05-30,2017-09-30,67,65,2,2,N,Y,N,-,전라북도 전주시 완산구 견훤로 100,전라북도 전주시 완산구 중노송동 26-1,전라북도 전주시 완산구청,063-220-5156,35.820015,127.163023,2018-02-20
기린경로당,전라북도 전주시 완산구 노송동,노인시설,2017-05-30,2017-09-30,30,33,1,1,N,Y,N,-,전라북도 전주시 완산구 관선5길 1,전라북도 전주시 완산구 중노송동 232-4,전라북도 전주시 완산구청,063-220-5156,35.822933,127.157525,2018-02-20
삼원경로당,전라북도 전주시 완산구 노송동,노인시설,2017-05-30,2017-09-30,38,28,4,1,N,Y,N,-,전라북도 전주시 완산구 물왕멀3길 25-5,전라북도 전주시 완산구 서노송동 734-8,전라북도 전주시 완산구청,063-220-5156,35.828244,127.147597,2018-02-20
중앙송수여자경로당,전라북도 전주시 완산구 노송동,노인시설,2017-05-30,2017-09-30,62,34,2,1,N,Y,N,-,전라북도 전주시 완산구 관선3길 17-4,전라북도 전주시 완산구 남노송동 517-71,전라북도 전주시 완산구청,063-220-5156,35.821139,127.154877,2018-02-20
영생경로당,전라북도 전주시 완산구 노송동,노인시설,2017-05-30,2017-09-30,42,32,1,1,N,Y,N,-,전라북도 전주시 완산구 관선1길 82,전라북도 전주시 완산구 남노송동 115-16,전라북도 전주시 완산구청,063-220-5156,35.818754,127.158057,2018-02-20
삼우경로당,전라북도 전주시 완산구 노송동,노인시설,2017-05-30,2017-09-30,71,23,3,1,N,N,N,-,전라북도 전주시 완산구 마당재1길 8-4,전라북도 전주시 완산구 남노송동 141-15,전라북도 전주시 완산구청,063-220-5156,35.819655,127.160471,2018-02-20
기자촌경로당,전라북도 전주시 완산구 노송동,노인시설,2017-05-30,2017-09-30,133,46,2,1,N,N,N,-,전라북도 전주시 완산구 인봉2길 3,전라북도 전주시 완산구 중노송동 395-1,전라북도 전주시 완산구청,063-220-5156,35.827661,127.154509,2018-02-20
인봉경로당,전라북도 전주시 완산구 노송동,노인시설,2017-05-30,2017-09-30,39,40,3,1,N,Y,N,-,전라북도 전주시 완산구 문화3길 14-3,전라북도 전주시 완산구 중노송동 253-75,전라북도 전주시 완산구청,063-220-5156,35.8244762,127.157221,2018-02-20
송죽경로당,전라북도 전주시 완산구 노송동,노인시설,2017-05-30,2017-09-30,72,37,2,1,N,Y,N,-,전라북도 전주시 완산구 견훤로 100-123,전라북도 전주시 완산구 중노송동 32-2,전라북도 전주시 완산구청,063-220-5156,35.821333,127.163341,2018-02-20
인보 노인복지센터,전라북도 전주시 완산구 노송동,복지회관,2017-05-30,2017-09-30,540,80,5,2,N,Y,N,-,전라북도 전주시 완산구 인봉남로 361-35,전라북도 전주시 완산구 중노송동 361-35,전라북도 전주시 완산구청,063-220-5156,35.826928,127.159232,2018-02-20
전주시청,전라북도 전주시 완산구 노송동,기타,2017-05-30,2017-09-30,3500,200,0,2,N,Y,N,-,전라북도 전주시 완산구 노송광장로 10,전라북도 전주시 완산구 서노송동 568-1,전라북도 전주시 완산구청,063-220-5156,35.8244365,127.147513,2018-02-20
노송동 주민센터,전라북도 전주시 완산구 노송동,주민센터,2017-05-30,2017-09-30,1015,100,10,2,N,Y,N,-,전라북도 전주시 완산구 인봉1길 54,전라북도 전주시 완산구 중노송동 225-0,전라북도 전주시 완산구청,063-220-5156,35.824363,127.158363,2018-02-20
풍남맨션경로당,전라북도 전주시 완산구 노송동,노인시설,2017-05-30,2017-09-30,73,91,1,1,N,Y,N,-,전라북도 전주시 완산구 팔달로 278,전라북도 전주시 완산구 서노송동 648-2,전라북도 전주시 완산구청,063-220-5156,35.827111,127.144167,2018-02-20
해오름아파트경로당,전라북도 전주시 완산구 노송동,노인시설,2017-05-30,2017-09-30,55,44,3,1,N,Y,N,-,전라북도 전주시 완산구 인봉남로 56,전라북도 전주시 완산구 중노송동 303-0,전라북도 전주시 완산구청,063-220-5156,35.825372,127.159636,2018-02-20
학수당경로당,전라북도 전주시 완산구 노송동,노인시설,2017-05-30,2017-09-30,87,34,2,1,N,Y,N,-,전라북도 전주시 완산구 견훤왕궁2길 17-5,전라북도 전주시 완산구 중노송동 401-43,전라북도 전주시 완산구청,063-220-5156,35.8279056,127.1523928,2018-02-20
